[-1785552972268873984.000s] DEBUG:colcon:Command line arguments: ['/usr/bin/colcon', 'build', '--symlink-install']
[-1785552972268873984.000s] DEBUG:colcon:Parsed command line arguments: Namespace(log_base=None, log_level=None, verb_name='build', build_base='build', install_base='install', merge_install=False, symlink_install=True, test_result_base=None, continue_on_error=False, executor='parallel', parallel_workers=10, event_handlers=None, ignore_user_meta=False, metas=['./colcon.meta'], base_paths=['.'], packages_ignore=None, packages_ignore_regex=None, paths=None, packages_up_to=None, packages_up_to_regex=None, packages_above=None, packages_above_and_dependencies=None, packages_above_depth=None, packages_select_by_dep=None, packages_skip_by_dep=None, packages_skip_up_to=None, packages_select_build_failed=False, packages_skip_build_finished=False, packages_select_test_failures=False, packages_skip_test_passed=False, packages_select=None, packages_skip=None, packages_select_regex=None, packages_skip_regex=None, packages_start=None, packages_end=None, allow_overriding=[], cmake_args=None, cmake_target=None, cmake_target_skip_unavailable=False, cmake_clean_cache=False, cmake_clean_first=False, cmake_force_configure=False, ament_cmake_args=None, catkin_cmake_args=None, catkin_skip_building_tests=False, mixin_files=None, mixin=None, verb_parser=<colcon_mixin.mixin.mixin_argument.MixinArgumentDecorator object at 0x7f059a1af890>, verb_extension=<colcon_core.verb.build.BuildVerb object at 0x7f059a1b6e40>, main=<bound method BuildVerb.main of <colcon_core.verb.build.BuildVerb object at 0x7f059a1b6e40>>, mixin_verb=('build',))
[-1785552972268873984.000s] Level 1:colcon.colcon_core.package_discovery:discover_packages(colcon_meta) check parameters
[-1785552972268873984.000s] Level 1:colcon.colcon_core.package_discovery:discover_packages(recursive) check parameters
[-1785552972268873984.000s] Level 1:colcon.colcon_core.package_discovery:discover_packages(ignore) check parameters
[-1785552972268873984.000s] Level 1:colcon.colcon_core.package_discovery:discover_packages(path) check parameters
[-1785552972268873984.000s] Level 1:colcon.colcon_core.package_discovery:discover_packages(colcon_meta) discover
[-1785552972268873984.000s] Level 1:colcon.colcon_core.package_discovery:discover_packages(recursive) discover
[-1785552972268873984.000s] INFO:colcon.colcon_core.package_discovery:Crawling recursively for packages in '/home/cjson/project/ROS_BEGINNING'
[-1785552972268873984.000s] Level 1:colcon.colcon_core.package_identification:_identify(.) by extensions ['ignore', 'ignore_ament_install']
[-1785552972268873984.000s] Level 1:colcon.colcon_core.package_identification:_identify(.) by extension 'ignore'
[-1785552972268873984.000s] Level 1:colcon.colcon_core.package_identification:_identify(.) by extension 'ignore_ament_install'
[-1785552972268873984.000s] Level 1:colcon.colcon_core.package_identification:_identify(.) by extensions ['colcon_pkg']
[-1785552972268873984.000s] Level 1:colcon.colcon_core.package_identification:_identify(.) by extension 'colcon_pkg'
[-1785552972268873984.000s] Level 1:colcon.colcon_core.package_identification:_identify(.) by extensions ['colcon_meta']
[-1785552972268873984.000s] Level 1:colcon.colcon_core.package_identification:_identify(.) by extension 'colcon_meta'
[-1785552972268873984.000s] Level 1:colcon.colcon_core.package_identification:_identify(.) by extensions ['ros']
[-1785552972268873984.000s] Level 1:colcon.colcon_core.package_identification:_identify(.) by extension 'ros'
[-1785552972268873984.000s] Level 1:colcon.colcon_core.package_identification:_identify(.) by extensions ['cmake', 'python']
[-1785552972268873984.000s] Level 1:colcon.colcon_core.package_identification:_identify(.) by extension 'cmake'
[-1785552972268873984.000s] Level 1:colcon.colcon_core.package_identification:_identify(.) by extension 'python'
[-1785552972268873984.000s] Level 1:colcon.colcon_core.package_identification:_identify(.) by extensions ['python_setup_py']
[-1785552972268873984.000s] Level 1:colcon.colcon_core.package_identification:_identify(.) by extension 'python_setup_py'
[-1785552972268873984.000s] Level 1:colcon.colcon_core.package_identification:_identify(build) by extensions ['ignore', 'ignore_ament_install']
[-1785552972268873984.000s] Level 1:colcon.colcon_core.package_identification:_identify(build) by extension 'ignore'
[-1785552972268873984.000s] Level 1:colcon.colcon_core.package_identification:_identify(build) ignored
[-1785552972268873984.000s] Level 1:colcon.colcon_core.package_identification:_identify(install) by extensions ['ignore', 'ignore_ament_install']
[-1785552972268873984.000s] Level 1:colcon.colcon_core.package_identification:_identify(install) by extension 'ignore'
[-1785552972268873984.000s] Level 1:colcon.colcon_core.package_identification:_identify(install) ignored
[-1785552972268873984.000s] Level 1:colcon.colcon_core.package_identification:_identify(log) by extensions ['ignore', 'ignore_ament_install']
[-1785552972268873984.000s] Level 1:colcon.colcon_core.package_identification:_identify(log) by extension 'ignore'
[-1785552972268873984.000s] Level 1:colcon.colcon_core.package_identification:_identify(log) ignored
[-1785552972268873984.000s] Level 1:colcon.colcon_core.package_identification:_identify(src) by extensions ['ignore', 'ignore_ament_install']
[-1785552972268873984.000s] Level 1:colcon.colcon_core.package_identification:_identify(src) by extension 'ignore'
[-1785552972268873984.000s] Level 1:colcon.colcon_core.package_identification:_identify(src) by extension 'ignore_ament_install'
[-1785552972268873984.000s] Level 1:colcon.colcon_core.package_identification:_identify(src) by extensions ['colcon_pkg']
[-1785552972268873984.000s] Level 1:colcon.colcon_core.package_identification:_identify(src) by extension 'colcon_pkg'
[-1785552972268873984.000s] Level 1:colcon.colcon_core.package_identification:_identify(src) by extensions ['colcon_meta']
[-1785552972268873984.000s] Level 1:colcon.colcon_core.package_identification:_identify(src) by extension 'colcon_meta'
[-1785552972268873984.000s] Level 1:colcon.colcon_core.package_identification:_identify(src) by extensions ['ros']
[-1785552972268873984.000s] Level 1:colcon.colcon_core.package_identification:_identify(src) by extension 'ros'
[-1785552972268873984.000s] Level 1:colcon.colcon_core.package_identification:_identify(src) by extensions ['cmake', 'python']
[-1785552972268873984.000s] Level 1:colcon.colcon_core.package_identification:_identify(src) by extension 'cmake'
[-1785552972268873984.000s] Level 1:colcon.colcon_core.package_identification:_identify(src) by extension 'python'
[-1785552972268873984.000s] Level 1:colcon.colcon_core.package_identification:_identify(src) by extensions ['python_setup_py']
[-1785552972268873984.000s] Level 1:colcon.colcon_core.package_identification:_identify(src) by extension 'python_setup_py'
[-1785552972268873984.000s] Level 1:colcon.colcon_core.package_identification:_identify(src/ros_tutorials) by extensions ['ignore', 'ignore_ament_install']
[-1785552972268873984.000s] Level 1:colcon.colcon_core.package_identification:_identify(src/ros_tutorials) by extension 'ignore'
[-1785552972268873984.000s] Level 1:colcon.colcon_core.package_identification:_identify(src/ros_tutorials) by extension 'ignore_ament_install'
[-1785552972268873984.000s] Level 1:colcon.colcon_core.package_identification:_identify(src/ros_tutorials) by extensions ['colcon_pkg']
[-1785552972268873984.000s] Level 1:colcon.colcon_core.package_identification:_identify(src/ros_tutorials) by extension 'colcon_pkg'
[-1785552972268873984.000s] Level 1:colcon.colcon_core.package_identification:_identify(src/ros_tutorials) by extensions ['colcon_meta']
[-1785552972268873984.000s] Level 1:colcon.colcon_core.package_identification:_identify(src/ros_tutorials) by extension 'colcon_meta'
[-1785552972268873984.000s] Level 1:colcon.colcon_core.package_identification:_identify(src/ros_tutorials) by extensions ['ros']
[-1785552972268873984.000s] Level 1:colcon.colcon_core.package_identification:_identify(src/ros_tutorials) by extension 'ros'
[-1785552972268873984.000s] Level 1:colcon.colcon_core.package_identification:_identify(src/ros_tutorials) by extensions ['cmake', 'python']
[-1785552972268873984.000s] Level 1:colcon.colcon_core.package_identification:_identify(src/ros_tutorials) by extension 'cmake'
[-1785552972268873984.000s] Level 1:colcon.colcon_core.package_identification:_identify(src/ros_tutorials) by extension 'python'
[-1785552972268873984.000s] Level 1:colcon.colcon_core.package_identification:_identify(src/ros_tutorials) by extensions ['python_setup_py']
[-1785552972268873984.000s] Level 1:colcon.colcon_core.package_identification:_identify(src/ros_tutorials) by extension 'python_setup_py'
[-1785552972268873984.000s] Level 1:colcon.colcon_core.package_identification:_identify(src/ros_tutorials/turtlesim) by extensions ['ignore', 'ignore_ament_install']
[-1785552972268873984.000s] Level 1:colcon.colcon_core.package_identification:_identify(src/ros_tutorials/turtlesim) by extension 'ignore'
[-1785552972268873984.000s] Level 1:colcon.colcon_core.package_identification:_identify(src/ros_tutorials/turtlesim) by extension 'ignore_ament_install'
[-1785552972268873984.000s] Level 1:colcon.colcon_core.package_identification:_identify(src/ros_tutorials/turtlesim) by extensions ['colcon_pkg']
[-1785552972268873984.000s] Level 1:colcon.colcon_core.package_identification:_identify(src/ros_tutorials/turtlesim) by extension 'colcon_pkg'
[-1785552972268873984.000s] Level 1:colcon.colcon_core.package_identification:_identify(src/ros_tutorials/turtlesim) by extensions ['colcon_meta']
[-1785552972268873984.000s] Level 1:colcon.colcon_core.package_identification:_identify(src/ros_tutorials/turtlesim) by extension 'colcon_meta'
[-1785552972268873984.000s] Level 1:colcon.colcon_core.package_identification:_identify(src/ros_tutorials/turtlesim) by extensions ['ros']
[-1785552972268873984.000s] Level 1:colcon.colcon_core.package_identification:_identify(src/ros_tutorials/turtlesim) by extension 'ros'
[-1785552972268873984.000s] DEBUG:colcon.colcon_core.package_identification:Package 'src/ros_tutorials/turtlesim' with type 'ros.ament_cmake' and name 'turtlesim'
[-1785552972268873984.000s] Level 1:colcon.colcon_core.package_identification:_identify(src/ros_tutorials/turtlesim_msgs) by extensions ['ignore', 'ignore_ament_install']
[-1785552972268873984.000s] Level 1:colcon.colcon_core.package_identification:_identify(src/ros_tutorials/turtlesim_msgs) by extension 'ignore'
[-1785552972268873984.000s] Level 1:colcon.colcon_core.package_identification:_identify(src/ros_tutorials/turtlesim_msgs) by extension 'ignore_ament_install'
[-1785552972268873984.000s] Level 1:colcon.colcon_core.package_identification:_identify(src/ros_tutorials/turtlesim_msgs) by extensions ['colcon_pkg']
[-1785552972268873984.000s] Level 1:colcon.colcon_core.package_identification:_identify(src/ros_tutorials/turtlesim_msgs) by extension 'colcon_pkg'
[-1785552972268873984.000s] Level 1:colcon.colcon_core.package_identification:_identify(src/ros_tutorials/turtlesim_msgs) by extensions ['colcon_meta']
[-1785552972268873984.000s] Level 1:colcon.colcon_core.package_identification:_identify(src/ros_tutorials/turtlesim_msgs) by extension 'colcon_meta'
[-1785552972268873984.000s] Level 1:colcon.colcon_core.package_identification:_identify(src/ros_tutorials/turtlesim_msgs) by extensions ['ros']
[-1785552972268873984.000s] Level 1:colcon.colcon_core.package_identification:_identify(src/ros_tutorials/turtlesim_msgs) by extension 'ros'
[-1785552972268873984.000s] DEBUG:colcon.colcon_core.package_identification:Package 'src/ros_tutorials/turtlesim_msgs' with type 'ros.ament_cmake' and name 'turtlesim_msgs'
[-1785552972268873984.000s] Level 1:colcon.colcon_core.package_discovery:discover_packages(recursive) using defaults
[-1785552972268873984.000s] Level 1:colcon.colcon_core.package_discovery:discover_packages(ignore) discover
[-1785552972268873984.000s] Level 1:colcon.colcon_core.package_discovery:discover_packages(ignore) using defaults
[-1785552972268873984.000s] Level 1:colcon.colcon_core.package_discovery:discover_packages(path) discover
[-1785552972268873984.000s] Level 1:colcon.colcon_core.package_discovery:discover_packages(path) using defaults
[-1785552972268873984.000s] Level 1:colcon.colcon_core.package_discovery:discover_packages(prefix_path) check parameters
[-1785552972268873984.000s] Level 1:colcon.colcon_core.package_discovery:discover_packages(prefix_path) discover
[-1785552972268873984.000s] DEBUG:colcon.colcon_installed_package_information.package_discovery:Found 372 installed packages in /home/cjson/ros2_lyrical/install
[-1785552972268873984.000s] DEBUG:colcon.colcon_installed_package_information.package_discovery:Found 154 installed packages in /opt/ros/lyrical
[-1785552972268873984.000s] Level 1:colcon.colcon_core.package_discovery:discover_packages(prefix_path) using defaults
[-1785552972268873984.000s] Level 5:colcon.colcon_core.verb:set package 'turtlesim_msgs' build argument 'cmake_args' from command line to 'None'
[-1785552972268873984.000s] Level 5:colcon.colcon_core.verb:set package 'turtlesim_msgs' build argument 'cmake_target' from command line to 'None'
[-1785552972268873984.000s] Level 5:colcon.colcon_core.verb:set package 'turtlesim_msgs' build argument 'cmake_target_skip_unavailable' from command line to 'False'
[-1785552972268873984.000s] Level 5:colcon.colcon_core.verb:set package 'turtlesim_msgs' build argument 'cmake_clean_cache' from command line to 'False'
[-1785552972268873984.000s] Level 5:colcon.colcon_core.verb:set package 'turtlesim_msgs' build argument 'cmake_clean_first' from command line to 'False'
[-1785552972268873984.000s] Level 5:colcon.colcon_core.verb:set package 'turtlesim_msgs' build argument 'cmake_force_configure' from command line to 'False'
[-1785552972268873984.000s] Level 5:colcon.colcon_core.verb:set package 'turtlesim_msgs' build argument 'ament_cmake_args' from command line to 'None'
[-1785552972268873984.000s] Level 5:colcon.colcon_core.verb:set package 'turtlesim_msgs' build argument 'catkin_cmake_args' from command line to 'None'
[-1785552972268873984.000s] Level 5:colcon.colcon_core.verb:set package 'turtlesim_msgs' build argument 'catkin_skip_building_tests' from command line to 'False'
[-1785552972268873984.000s] DEBUG:colcon.colcon_core.verb:Building package 'turtlesim_msgs' with the following arguments: {'ament_cmake_args': None, 'build_base': '/home/cjson/project/ROS_BEGINNING/build/turtlesim_msgs', 'catkin_cmake_args': None, 'catkin_skip_building_tests': False, 'cmake_args': None, 'cmake_clean_cache': False, 'cmake_clean_first': False, 'cmake_force_configure': False, 'cmake_target': None, 'cmake_target_skip_unavailable': False, 'install_base': '/home/cjson/project/ROS_BEGINNING/install/turtlesim_msgs', 'merge_install': False, 'path': '/home/cjson/project/ROS_BEGINNING/src/ros_tutorials/turtlesim_msgs', 'symlink_install': True, 'test_result_base': None}
[-1785552972268873984.000s] Level 5:colcon.colcon_core.verb:set package 'turtlesim' build argument 'cmake_args' from command line to 'None'
[-1785552972268873984.000s] Level 5:colcon.colcon_core.verb:set package 'turtlesim' build argument 'cmake_target' from command line to 'None'
[-1785552972268873984.000s] Level 5:colcon.colcon_core.verb:set package 'turtlesim' build argument 'cmake_target_skip_unavailable' from command line to 'False'
[-1785552972268873984.000s] Level 5:colcon.colcon_core.verb:set package 'turtlesim' build argument 'cmake_clean_cache' from command line to 'False'
[-1785552972268873984.000s] Level 5:colcon.colcon_core.verb:set package 'turtlesim' build argument 'cmake_clean_first' from command line to 'False'
[-1785552972268873984.000s] Level 5:colcon.colcon_core.verb:set package 'turtlesim' build argument 'cmake_force_configure' from command line to 'False'
[-1785552972268873984.000s] Level 5:colcon.colcon_core.verb:set package 'turtlesim' build argument 'ament_cmake_args' from command line to 'None'
[-1785552972268873984.000s] Level 5:colcon.colcon_core.verb:set package 'turtlesim' build argument 'catkin_cmake_args' from command line to 'None'
[-1785552972268873984.000s] Level 5:colcon.colcon_core.verb:set package 'turtlesim' build argument 'catkin_skip_building_tests' from command line to 'False'
[-1785552972268873984.000s] DEBUG:colcon.colcon_core.verb:Building package 'turtlesim' with the following arguments: {'ament_cmake_args': None, 'build_base': '/home/cjson/project/ROS_BEGINNING/build/turtlesim', 'catkin_cmake_args': None, 'catkin_skip_building_tests': False, 'cmake_args': None, 'cmake_clean_cache': False, 'cmake_clean_first': False, 'cmake_force_configure': False, 'cmake_target': None, 'cmake_target_skip_unavailable': False, 'install_base': '/home/cjson/project/ROS_BEGINNING/install/turtlesim', 'merge_install': False, 'path': '/home/cjson/project/ROS_BEGINNING/src/ros_tutorials/turtlesim', 'symlink_install': True, 'test_result_base': None}
[-1785552972268873984.000s] INFO:colcon.colcon_core.executor:Executing jobs using 'parallel' executor
[-1785552972268873984.000s] DEBUG:colcon.colcon_parallel_executor.executor.parallel:run_until_complete
[-1785552972268873984.000s] INFO:colcon.colcon_ros.task.ament_cmake.build:Building ROS package in '/home/cjson/project/ROS_BEGINNING/src/ros_tutorials/turtlesim_msgs' with build type 'ament_cmake'
[-1785552972268873984.000s] INFO:colcon.colcon_cmake.task.cmake.build:Building CMake package in '/home/cjson/project/ROS_BEGINNING/src/ros_tutorials/turtlesim_msgs'
[-1785552972268873984.000s] INFO:colcon.colcon_core.plugin_system:Skipping extension 'colcon_core.shell.bat': Not used on non-Windows systems
[-1785552972268873984.000s] INFO:colcon.colcon_core.shell:Skip shell extension 'powershell' for command environment: Not usable outside of PowerShell
[-1785552972268873984.000s] DEBUG:colcon.colcon_core.shell:Skip shell extension 'dsv' for command environment
[-1785552972268873984.000s] DEBUG:colcon.colcon_core.event_handler.log_command:Invoking command in '/home/cjson/project/ROS_BEGINNING/build/turtlesim_msgs': CMAKE_PREFIX_PATH=${CMAKE_PREFIX_PATH}:/opt/ros/lyrical:/home/cjson/ros2_lyrical/install/rqt_bag_plugins:/home/cjson/ros2_lyrical/install/launch_testing_examples:/home/cjson/ros2_lyrical/install/ros2bag:/home/cjson/ros2_lyrical/install/tracetools_test:/home/cjson/ros2_lyrical/install/tracetools_launch:/home/cjson/ros2_lyrical/install/topic_monitor:/home/cjson/ros2_lyrical/install/tf2_tools:/home/cjson/ros2_lyrical/install/examples_tf2_py:/home/cjson/ros2_lyrical/install/tf2_ros_py:/home/cjson/ros2_lyrical/install/sros2:/home/cjson/ros2_lyrical/install/rqt_topic:/home/cjson/ros2_lyrical/install/rqt_srv:/home/cjson/ros2_lyrical/install/rqt_shell:/home/cjson/ros2_lyrical/install/rqt_service_caller:/home/cjson/ros2_lyrical/install/rqt_reconfigure:/home/cjson/ros2_lyrical/install/rqt_py_console:/home/cjson/ros2_lyrical/install/rqt_publisher:/home/cjson/ros2_lyrical/install/rqt_plot:/home/cjson/ros2_lyrical/install/rqt_action:/home/cjson/ros2_lyrical/install/rqt_msg:/home/cjson/ros2_lyrical/install/rqt_console:/home/cjson/ros2_lyrical/install/rqt:/home/cjson/ros2_lyrical/install/rqt_graph:/home/cjson/ros2_lyrical/install/rqt_bag:/home/cjson/ros2_lyrical/install/rqt_gui_py:/home/cjson/ros2_lyrical/install/rqt_gui:/home/cjson/ros2_lyrical/install/rosbag2_examples_py:/home/cjson/ros2_lyrical/install/ros2trace:/home/cjson/ros2_lyrical/install/ros2topic:/home/cjson/ros2_lyrical/install/ros2test:/home/cjson/ros2_lyrical/install/ros2component:/home/cjson/ros2_lyrical/install/ros2param:/home/cjson/ros2_lyrical/install/ros2lifecycle:/home/cjson/ros2_lyrical/install/ros2service:/home/cjson/ros2_lyrical/install/ros2run:/home/cjson/ros2_lyrical/install/ros2plugin:/home/cjson/ros2_lyrical/install/ros2launch:/home/cjson/ros2_lyrical/install/ros2pkg:/home/cjson/ros2_lyrical/install/ros2node:/home/cjson/ros2_lyrical/install/ros2multicast:/home/cjson/ros2_lyrical/install/ros2interface:/home/cjson/ros2_lyrical/install/ros2doctor:/home/cjson/ros2_lyrical/install/ros2action:/home/cjson/ros2_lyrical/install/ros2cli:/home/cjson/ros2_lyrical/install/quality_of_service_demo_py:/home/cjson/ros2_lyrical/install/lifecycle_py:/home/cjson/ros2_lyrical/install/launch_testing_ros:/home/cjson/ros2_lyrical/install/launch_ros:/home/cjson/ros2_lyrical/install/examples_rclpy_pointcloud_publisher:/home/cjson/ros2_lyrical/install/examples_rclpy_minimal_subscriber:/home/cjson/ros2_lyrical/install/examples_rclpy_minimal_service:/home/cjson/ros2_lyrical/install/examples_rclpy_minimal_publisher:/home/cjson/ros2_lyrical/install/examples_rclpy_minimal_client:/home/cjson/ros2_lyrical/install/examples_rclpy_minimal_action_server:/home/cjson/ros2_lyrical/install/examples_rclpy_minimal_action_client:/home/cjson/ros2_lyrical/install/examples_rclpy_guard_conditions:/home/cjson/ros2_lyrical/install/examples_rclpy_executors:/home/cjson/ros2_lyrical/install/demo_nodes_py:/home/cjson/ros2_lyrical/install/camera_info_manager_py:/home/cjson/ros2_lyrical/install/action_tutorials_py:/home/cjson/ros2_lyrical/install/sensor_msgs_py:/home/cjson/ros2_lyrical/install/ament_uncrustify:/home/cjson/ros2_lyrical/install/tracetools_trace:/home/cjson/ros2_lyrical/install/tracetools_read:/home/cjson/ros2_lyrical/install/test_tracetools_launch:/home/cjson/ros2_lyrical/install/test_ros2trace:/home/cjson/ros2_lyrical/install/test_launch_ros:/home/cjson/ros2_lyrical/install/rpyutils:/home/cjson/ros2_lyrical/install/rosidl_runtime_py:/home/cjson/ros2_lyrical/install/rosidl_pycommon:/home/cjson/ros2_lyrical/install/rosidl_cli:/home/cjson/ros2_lyrical/install/qt_dotgraph:/home/cjson/ros2_lyrical/install/launch_pytest:/home/cjson/ros2_lyrical/install/launch_testing:/home/cjson/ros2_lyrical/install/launch_yaml:/home/cjson/ros2_lyrical/install/launch_xml:/home/cjson/ros2_lyrical/install/launch:/home/cjson/ros2_lyrical/install/domain_coordinator:/home/cjson/ros2_lyrical/install/ament_xmllint:/home/cjson/ros2_lyrical/install/ament_pyflakes:/home/cjson/ros2_lyrical/install/ament_pycodestyle:/home/cjson/ros2_lyrical/install/ament_pep257:/home/cjson/ros2_lyrical/install/ament_pclint:/home/cjson/ros2_lyrical/install/ament_package:/home/cjson/ros2_lyrical/install/ament_mypy:/home/cjson/ros2_lyrical/install/ament_lint_cmake:/home/cjson/ros2_lyrical/install/ament_flake8:/home/cjson/ros2_lyrical/install/ament_copyright:/home/cjson/ros2_lyrical/install/ament_lint:/home/cjson/ros2_lyrical/install/ament_index_python:/home/cjson/ros2_lyrical/install/ament_cpplint:/home/cjson/ros2_lyrical/install/ament_cppcheck:/home/cjson/ros2_lyrical/install/ament_clang_tidy:/home/cjson/ros2_lyrical/install/ament_clang_format /usr/bin/cmake --build /home/cjson/project/ROS_BEGINNING/build/turtlesim_msgs -- -j10 -l10
[-1785552972268873984.000s] DEBUG:colcon.colcon_core.event_handler.log_command:Invoked command in '/home/cjson/project/ROS_BEGINNING/build/turtlesim_msgs' returned '0': CMAKE_PREFIX_PATH=${CMAKE_PREFIX_PATH}:/opt/ros/lyrical:/home/cjson/ros2_lyrical/install/rqt_bag_plugins:/home/cjson/ros2_lyrical/install/launch_testing_examples:/home/cjson/ros2_lyrical/install/ros2bag:/home/cjson/ros2_lyrical/install/tracetools_test:/home/cjson/ros2_lyrical/install/tracetools_launch:/home/cjson/ros2_lyrical/install/topic_monitor:/home/cjson/ros2_lyrical/install/tf2_tools:/home/cjson/ros2_lyrical/install/examples_tf2_py:/home/cjson/ros2_lyrical/install/tf2_ros_py:/home/cjson/ros2_lyrical/install/sros2:/home/cjson/ros2_lyrical/install/rqt_topic:/home/cjson/ros2_lyrical/install/rqt_srv:/home/cjson/ros2_lyrical/install/rqt_shell:/home/cjson/ros2_lyrical/install/rqt_service_caller:/home/cjson/ros2_lyrical/install/rqt_reconfigure:/home/cjson/ros2_lyrical/install/rqt_py_console:/home/cjson/ros2_lyrical/install/rqt_publisher:/home/cjson/ros2_lyrical/install/rqt_plot:/home/cjson/ros2_lyrical/install/rqt_action:/home/cjson/ros2_lyrical/install/rqt_msg:/home/cjson/ros2_lyrical/install/rqt_console:/home/cjson/ros2_lyrical/install/rqt:/home/cjson/ros2_lyrical/install/rqt_graph:/home/cjson/ros2_lyrical/install/rqt_bag:/home/cjson/ros2_lyrical/install/rqt_gui_py:/home/cjson/ros2_lyrical/install/rqt_gui:/home/cjson/ros2_lyrical/install/rosbag2_examples_py:/home/cjson/ros2_lyrical/install/ros2trace:/home/cjson/ros2_lyrical/install/ros2topic:/home/cjson/ros2_lyrical/install/ros2test:/home/cjson/ros2_lyrical/install/ros2component:/home/cjson/ros2_lyrical/install/ros2param:/home/cjson/ros2_lyrical/install/ros2lifecycle:/home/cjson/ros2_lyrical/install/ros2service:/home/cjson/ros2_lyrical/install/ros2run:/home/cjson/ros2_lyrical/install/ros2plugin:/home/cjson/ros2_lyrical/install/ros2launch:/home/cjson/ros2_lyrical/install/ros2pkg:/home/cjson/ros2_lyrical/install/ros2node:/home/cjson/ros2_lyrical/install/ros2multicast:/home/cjson/ros2_lyrical/install/ros2interface:/home/cjson/ros2_lyrical/install/ros2doctor:/home/cjson/ros2_lyrical/install/ros2action:/home/cjson/ros2_lyrical/install/ros2cli:/home/cjson/ros2_lyrical/install/quality_of_service_demo_py:/home/cjson/ros2_lyrical/install/lifecycle_py:/home/cjson/ros2_lyrical/install/launch_testing_ros:/home/cjson/ros2_lyrical/install/launch_ros:/home/cjson/ros2_lyrical/install/examples_rclpy_pointcloud_publisher:/home/cjson/ros2_lyrical/install/examples_rclpy_minimal_subscriber:/home/cjson/ros2_lyrical/install/examples_rclpy_minimal_service:/home/cjson/ros2_lyrical/install/examples_rclpy_minimal_publisher:/home/cjson/ros2_lyrical/install/examples_rclpy_minimal_client:/home/cjson/ros2_lyrical/install/examples_rclpy_minimal_action_server:/home/cjson/ros2_lyrical/install/examples_rclpy_minimal_action_client:/home/cjson/ros2_lyrical/install/examples_rclpy_guard_conditions:/home/cjson/ros2_lyrical/install/examples_rclpy_executors:/home/cjson/ros2_lyrical/install/demo_nodes_py:/home/cjson/ros2_lyrical/install/camera_info_manager_py:/home/cjson/ros2_lyrical/install/action_tutorials_py:/home/cjson/ros2_lyrical/install/sensor_msgs_py:/home/cjson/ros2_lyrical/install/ament_uncrustify:/home/cjson/ros2_lyrical/install/tracetools_trace:/home/cjson/ros2_lyrical/install/tracetools_read:/home/cjson/ros2_lyrical/install/test_tracetools_launch:/home/cjson/ros2_lyrical/install/test_ros2trace:/home/cjson/ros2_lyrical/install/test_launch_ros:/home/cjson/ros2_lyrical/install/rpyutils:/home/cjson/ros2_lyrical/install/rosidl_runtime_py:/home/cjson/ros2_lyrical/install/rosidl_pycommon:/home/cjson/ros2_lyrical/install/rosidl_cli:/home/cjson/ros2_lyrical/install/qt_dotgraph:/home/cjson/ros2_lyrical/install/launch_pytest:/home/cjson/ros2_lyrical/install/launch_testing:/home/cjson/ros2_lyrical/install/launch_yaml:/home/cjson/ros2_lyrical/install/launch_xml:/home/cjson/ros2_lyrical/install/launch:/home/cjson/ros2_lyrical/install/domain_coordinator:/home/cjson/ros2_lyrical/install/ament_xmllint:/home/cjson/ros2_lyrical/install/ament_pyflakes:/home/cjson/ros2_lyrical/install/ament_pycodestyle:/home/cjson/ros2_lyrical/install/ament_pep257:/home/cjson/ros2_lyrical/install/ament_pclint:/home/cjson/ros2_lyrical/install/ament_package:/home/cjson/ros2_lyrical/install/ament_mypy:/home/cjson/ros2_lyrical/install/ament_lint_cmake:/home/cjson/ros2_lyrical/install/ament_flake8:/home/cjson/ros2_lyrical/install/ament_copyright:/home/cjson/ros2_lyrical/install/ament_lint:/home/cjson/ros2_lyrical/install/ament_index_python:/home/cjson/ros2_lyrical/install/ament_cpplint:/home/cjson/ros2_lyrical/install/ament_cppcheck:/home/cjson/ros2_lyrical/install/ament_clang_tidy:/home/cjson/ros2_lyrical/install/ament_clang_format /usr/bin/cmake --build /home/cjson/project/ROS_BEGINNING/build/turtlesim_msgs -- -j10 -l10
[-1785552972268873984.000s] DEBUG:colcon.colcon_core.event_handler.log_command:Invoking command in '/home/cjson/project/ROS_BEGINNING/build/turtlesim_msgs': CMAKE_PREFIX_PATH=${CMAKE_PREFIX_PATH}:/opt/ros/lyrical:/home/cjson/ros2_lyrical/install/rqt_bag_plugins:/home/cjson/ros2_lyrical/install/launch_testing_examples:/home/cjson/ros2_lyrical/install/ros2bag:/home/cjson/ros2_lyrical/install/tracetools_test:/home/cjson/ros2_lyrical/install/tracetools_launch:/home/cjson/ros2_lyrical/install/topic_monitor:/home/cjson/ros2_lyrical/install/tf2_tools:/home/cjson/ros2_lyrical/install/examples_tf2_py:/home/cjson/ros2_lyrical/install/tf2_ros_py:/home/cjson/ros2_lyrical/install/sros2:/home/cjson/ros2_lyrical/install/rqt_topic:/home/cjson/ros2_lyrical/install/rqt_srv:/home/cjson/ros2_lyrical/install/rqt_shell:/home/cjson/ros2_lyrical/install/rqt_service_caller:/home/cjson/ros2_lyrical/install/rqt_reconfigure:/home/cjson/ros2_lyrical/install/rqt_py_console:/home/cjson/ros2_lyrical/install/rqt_publisher:/home/cjson/ros2_lyrical/install/rqt_plot:/home/cjson/ros2_lyrical/install/rqt_action:/home/cjson/ros2_lyrical/install/rqt_msg:/home/cjson/ros2_lyrical/install/rqt_console:/home/cjson/ros2_lyrical/install/rqt:/home/cjson/ros2_lyrical/install/rqt_graph:/home/cjson/ros2_lyrical/install/rqt_bag:/home/cjson/ros2_lyrical/install/rqt_gui_py:/home/cjson/ros2_lyrical/install/rqt_gui:/home/cjson/ros2_lyrical/install/rosbag2_examples_py:/home/cjson/ros2_lyrical/install/ros2trace:/home/cjson/ros2_lyrical/install/ros2topic:/home/cjson/ros2_lyrical/install/ros2test:/home/cjson/ros2_lyrical/install/ros2component:/home/cjson/ros2_lyrical/install/ros2param:/home/cjson/ros2_lyrical/install/ros2lifecycle:/home/cjson/ros2_lyrical/install/ros2service:/home/cjson/ros2_lyrical/install/ros2run:/home/cjson/ros2_lyrical/install/ros2plugin:/home/cjson/ros2_lyrical/install/ros2launch:/home/cjson/ros2_lyrical/install/ros2pkg:/home/cjson/ros2_lyrical/install/ros2node:/home/cjson/ros2_lyrical/install/ros2multicast:/home/cjson/ros2_lyrical/install/ros2interface:/home/cjson/ros2_lyrical/install/ros2doctor:/home/cjson/ros2_lyrical/install/ros2action:/home/cjson/ros2_lyrical/install/ros2cli:/home/cjson/ros2_lyrical/install/quality_of_service_demo_py:/home/cjson/ros2_lyrical/install/lifecycle_py:/home/cjson/ros2_lyrical/install/launch_testing_ros:/home/cjson/ros2_lyrical/install/launch_ros:/home/cjson/ros2_lyrical/install/examples_rclpy_pointcloud_publisher:/home/cjson/ros2_lyrical/install/examples_rclpy_minimal_subscriber:/home/cjson/ros2_lyrical/install/examples_rclpy_minimal_service:/home/cjson/ros2_lyrical/install/examples_rclpy_minimal_publisher:/home/cjson/ros2_lyrical/install/examples_rclpy_minimal_client:/home/cjson/ros2_lyrical/install/examples_rclpy_minimal_action_server:/home/cjson/ros2_lyrical/install/examples_rclpy_minimal_action_client:/home/cjson/ros2_lyrical/install/examples_rclpy_guard_conditions:/home/cjson/ros2_lyrical/install/examples_rclpy_executors:/home/cjson/ros2_lyrical/install/demo_nodes_py:/home/cjson/ros2_lyrical/install/camera_info_manager_py:/home/cjson/ros2_lyrical/install/action_tutorials_py:/home/cjson/ros2_lyrical/install/sensor_msgs_py:/home/cjson/ros2_lyrical/install/ament_uncrustify:/home/cjson/ros2_lyrical/install/tracetools_trace:/home/cjson/ros2_lyrical/install/tracetools_read:/home/cjson/ros2_lyrical/install/test_tracetools_launch:/home/cjson/ros2_lyrical/install/test_ros2trace:/home/cjson/ros2_lyrical/install/test_launch_ros:/home/cjson/ros2_lyrical/install/rpyutils:/home/cjson/ros2_lyrical/install/rosidl_runtime_py:/home/cjson/ros2_lyrical/install/rosidl_pycommon:/home/cjson/ros2_lyrical/install/rosidl_cli:/home/cjson/ros2_lyrical/install/qt_dotgraph:/home/cjson/ros2_lyrical/install/launch_pytest:/home/cjson/ros2_lyrical/install/launch_testing:/home/cjson/ros2_lyrical/install/launch_yaml:/home/cjson/ros2_lyrical/install/launch_xml:/home/cjson/ros2_lyrical/install/launch:/home/cjson/ros2_lyrical/install/domain_coordinator:/home/cjson/ros2_lyrical/install/ament_xmllint:/home/cjson/ros2_lyrical/install/ament_pyflakes:/home/cjson/ros2_lyrical/install/ament_pycodestyle:/home/cjson/ros2_lyrical/install/ament_pep257:/home/cjson/ros2_lyrical/install/ament_pclint:/home/cjson/ros2_lyrical/install/ament_package:/home/cjson/ros2_lyrical/install/ament_mypy:/home/cjson/ros2_lyrical/install/ament_lint_cmake:/home/cjson/ros2_lyrical/install/ament_flake8:/home/cjson/ros2_lyrical/install/ament_copyright:/home/cjson/ros2_lyrical/install/ament_lint:/home/cjson/ros2_lyrical/install/ament_index_python:/home/cjson/ros2_lyrical/install/ament_cpplint:/home/cjson/ros2_lyrical/install/ament_cppcheck:/home/cjson/ros2_lyrical/install/ament_clang_tidy:/home/cjson/ros2_lyrical/install/ament_clang_format /usr/bin/cmake --install /home/cjson/project/ROS_BEGINNING/build/turtlesim_msgs
[-1785552972268873984.000s] Level 1:colcon.colcon_core.environment:create_environment_scripts_only(turtlesim_msgs)
[-1785552972268873984.000s] DEBUG:colcon.colcon_core.event_handler.log_command:Invoked command in '/home/cjson/project/ROS_BEGINNING/build/turtlesim_msgs' returned '0': CMAKE_PREFIX_PATH=${CMAKE_PREFIX_PATH}:/opt/ros/lyrical:/home/cjson/ros2_lyrical/install/rqt_bag_plugins:/home/cjson/ros2_lyrical/install/launch_testing_examples:/home/cjson/ros2_lyrical/install/ros2bag:/home/cjson/ros2_lyrical/install/tracetools_test:/home/cjson/ros2_lyrical/install/tracetools_launch:/home/cjson/ros2_lyrical/install/topic_monitor:/home/cjson/ros2_lyrical/install/tf2_tools:/home/cjson/ros2_lyrical/install/examples_tf2_py:/home/cjson/ros2_lyrical/install/tf2_ros_py:/home/cjson/ros2_lyrical/install/sros2:/home/cjson/ros2_lyrical/install/rqt_topic:/home/cjson/ros2_lyrical/install/rqt_srv:/home/cjson/ros2_lyrical/install/rqt_shell:/home/cjson/ros2_lyrical/install/rqt_service_caller:/home/cjson/ros2_lyrical/install/rqt_reconfigure:/home/cjson/ros2_lyrical/install/rqt_py_console:/home/cjson/ros2_lyrical/install/rqt_publisher:/home/cjson/ros2_lyrical/install/rqt_plot:/home/cjson/ros2_lyrical/install/rqt_action:/home/cjson/ros2_lyrical/install/rqt_msg:/home/cjson/ros2_lyrical/install/rqt_console:/home/cjson/ros2_lyrical/install/rqt:/home/cjson/ros2_lyrical/install/rqt_graph:/home/cjson/ros2_lyrical/install/rqt_bag:/home/cjson/ros2_lyrical/install/rqt_gui_py:/home/cjson/ros2_lyrical/install/rqt_gui:/home/cjson/ros2_lyrical/install/rosbag2_examples_py:/home/cjson/ros2_lyrical/install/ros2trace:/home/cjson/ros2_lyrical/install/ros2topic:/home/cjson/ros2_lyrical/install/ros2test:/home/cjson/ros2_lyrical/install/ros2component:/home/cjson/ros2_lyrical/install/ros2param:/home/cjson/ros2_lyrical/install/ros2lifecycle:/home/cjson/ros2_lyrical/install/ros2service:/home/cjson/ros2_lyrical/install/ros2run:/home/cjson/ros2_lyrical/install/ros2plugin:/home/cjson/ros2_lyrical/install/ros2launch:/home/cjson/ros2_lyrical/install/ros2pkg:/home/cjson/ros2_lyrical/install/ros2node:/home/cjson/ros2_lyrical/install/ros2multicast:/home/cjson/ros2_lyrical/install/ros2interface:/home/cjson/ros2_lyrical/install/ros2doctor:/home/cjson/ros2_lyrical/install/ros2action:/home/cjson/ros2_lyrical/install/ros2cli:/home/cjson/ros2_lyrical/install/quality_of_service_demo_py:/home/cjson/ros2_lyrical/install/lifecycle_py:/home/cjson/ros2_lyrical/install/launch_testing_ros:/home/cjson/ros2_lyrical/install/launch_ros:/home/cjson/ros2_lyrical/install/examples_rclpy_pointcloud_publisher:/home/cjson/ros2_lyrical/install/examples_rclpy_minimal_subscriber:/home/cjson/ros2_lyrical/install/examples_rclpy_minimal_service:/home/cjson/ros2_lyrical/install/examples_rclpy_minimal_publisher:/home/cjson/ros2_lyrical/install/examples_rclpy_minimal_client:/home/cjson/ros2_lyrical/install/examples_rclpy_minimal_action_server:/home/cjson/ros2_lyrical/install/examples_rclpy_minimal_action_client:/home/cjson/ros2_lyrical/install/examples_rclpy_guard_conditions:/home/cjson/ros2_lyrical/install/examples_rclpy_executors:/home/cjson/ros2_lyrical/install/demo_nodes_py:/home/cjson/ros2_lyrical/install/camera_info_manager_py:/home/cjson/ros2_lyrical/install/action_tutorials_py:/home/cjson/ros2_lyrical/install/sensor_msgs_py:/home/cjson/ros2_lyrical/install/ament_uncrustify:/home/cjson/ros2_lyrical/install/tracetools_trace:/home/cjson/ros2_lyrical/install/tracetools_read:/home/cjson/ros2_lyrical/install/test_tracetools_launch:/home/cjson/ros2_lyrical/install/test_ros2trace:/home/cjson/ros2_lyrical/install/test_launch_ros:/home/cjson/ros2_lyrical/install/rpyutils:/home/cjson/ros2_lyrical/install/rosidl_runtime_py:/home/cjson/ros2_lyrical/install/rosidl_pycommon:/home/cjson/ros2_lyrical/install/rosidl_cli:/home/cjson/ros2_lyrical/install/qt_dotgraph:/home/cjson/ros2_lyrical/install/launch_pytest:/home/cjson/ros2_lyrical/install/launch_testing:/home/cjson/ros2_lyrical/install/launch_yaml:/home/cjson/ros2_lyrical/install/launch_xml:/home/cjson/ros2_lyrical/install/launch:/home/cjson/ros2_lyrical/install/domain_coordinator:/home/cjson/ros2_lyrical/install/ament_xmllint:/home/cjson/ros2_lyrical/install/ament_pyflakes:/home/cjson/ros2_lyrical/install/ament_pycodestyle:/home/cjson/ros2_lyrical/install/ament_pep257:/home/cjson/ros2_lyrical/install/ament_pclint:/home/cjson/ros2_lyrical/install/ament_package:/home/cjson/ros2_lyrical/install/ament_mypy:/home/cjson/ros2_lyrical/install/ament_lint_cmake:/home/cjson/ros2_lyrical/install/ament_flake8:/home/cjson/ros2_lyrical/install/ament_copyright:/home/cjson/ros2_lyrical/install/ament_lint:/home/cjson/ros2_lyrical/install/ament_index_python:/home/cjson/ros2_lyrical/install/ament_cpplint:/home/cjson/ros2_lyrical/install/ament_cppcheck:/home/cjson/ros2_lyrical/install/ament_clang_tidy:/home/cjson/ros2_lyrical/install/ament_clang_format /usr/bin/cmake --install /home/cjson/project/ROS_BEGINNING/build/turtlesim_msgs
[-1785552972268873984.000s] Level 1:colcon.colcon_core.environment:checking '/home/cjson/project/ROS_BEGINNING/install/turtlesim_msgs' for CMake module files
[-1785552972268873984.000s] Level 1:colcon.colcon_core.environment:checking '/home/cjson/project/ROS_BEGINNING/install/turtlesim_msgs' for CMake config files
[-1785552972268873984.000s] Level 1:colcon.colcon_core.shell:create_environment_hook('turtlesim_msgs', 'cmake_prefix_path')
[-1785552972268873984.000s] INFO:colcon.colcon_core.shell:Creating environment hook '/home/cjson/project/ROS_BEGINNING/install/turtlesim_msgs/share/turtlesim_msgs/hook/cmake_prefix_path.ps1'
[-1785552972268873984.000s] INFO:colcon.colcon_core.shell:Creating environment descriptor '/home/cjson/project/ROS_BEGINNING/install/turtlesim_msgs/share/turtlesim_msgs/hook/cmake_prefix_path.dsv'
[-1785552972268873984.000s] INFO:colcon.colcon_core.shell:Creating environment hook '/home/cjson/project/ROS_BEGINNING/install/turtlesim_msgs/share/turtlesim_msgs/hook/cmake_prefix_path.sh'
[-1785552972268873984.000s] Level 1:colcon.colcon_core.environment:checking '/home/cjson/project/ROS_BEGINNING/install/turtlesim_msgs/lib'
[-1785552972268873984.000s] Level 1:colcon.colcon_core.shell:create_environment_hook('turtlesim_msgs', 'ld_library_path_lib')
[-1785552972268873984.000s] INFO:colcon.colcon_core.shell:Creating environment hook '/home/cjson/project/ROS_BEGINNING/install/turtlesim_msgs/share/turtlesim_msgs/hook/ld_library_path_lib.ps1'
[-1785552972268873984.000s] INFO:colcon.colcon_core.shell:Creating environment descriptor '/home/cjson/project/ROS_BEGINNING/install/turtlesim_msgs/share/turtlesim_msgs/hook/ld_library_path_lib.dsv'
[-1785552972268873984.000s] INFO:colcon.colcon_core.shell:Creating environment hook '/home/cjson/project/ROS_BEGINNING/install/turtlesim_msgs/share/turtlesim_msgs/hook/ld_library_path_lib.sh'
[-1785552972268873984.000s] Level 1:colcon.colcon_core.environment:checking '/home/cjson/project/ROS_BEGINNING/install/turtlesim_msgs/bin'
[-1785552972268873984.000s] Level 1:colcon.colcon_core.environment:checking '/home/cjson/project/ROS_BEGINNING/install/turtlesim_msgs/lib/pkgconfig/turtlesim_msgs.pc'
[-1785552972268873984.000s] Level 1:colcon.colcon_core.environment:checking '/home/cjson/project/ROS_BEGINNING/install/turtlesim_msgs/lib/python3.14/site-packages'
[-1785552972268873984.000s] Level 1:colcon.colcon_core.shell:create_environment_hook('turtlesim_msgs', 'pythonpath')
[-1785552972268873984.000s] INFO:colcon.colcon_core.shell:Creating environment hook '/home/cjson/project/ROS_BEGINNING/install/turtlesim_msgs/share/turtlesim_msgs/hook/pythonpath.ps1'
[-1785552972268873984.000s] INFO:colcon.colcon_core.shell:Creating environment descriptor '/home/cjson/project/ROS_BEGINNING/install/turtlesim_msgs/share/turtlesim_msgs/hook/pythonpath.dsv'
[-1785552972268873984.000s] INFO:colcon.colcon_core.shell:Creating environment hook '/home/cjson/project/ROS_BEGINNING/install/turtlesim_msgs/share/turtlesim_msgs/hook/pythonpath.sh'
[-1785552972268873984.000s] Level 1:colcon.colcon_core.environment:checking '/home/cjson/project/ROS_BEGINNING/install/turtlesim_msgs/bin'
[-1785552972268873984.000s] INFO:colcon.colcon_core.shell:Creating package script '/home/cjson/project/ROS_BEGINNING/install/turtlesim_msgs/share/turtlesim_msgs/package.ps1'
[-1785552972268873984.000s] INFO:colcon.colcon_core.shell:Creating package descriptor '/home/cjson/project/ROS_BEGINNING/install/turtlesim_msgs/share/turtlesim_msgs/package.dsv'
[-1785552972268873984.000s] INFO:colcon.colcon_core.shell:Creating package script '/home/cjson/project/ROS_BEGINNING/install/turtlesim_msgs/share/turtlesim_msgs/package.sh'
[-1785552972268873984.000s] INFO:colcon.colcon_core.shell:Creating package script '/home/cjson/project/ROS_BEGINNING/install/turtlesim_msgs/share/turtlesim_msgs/package.bash'
[-1785552972268873984.000s] INFO:colcon.colcon_core.shell:Creating package script '/home/cjson/project/ROS_BEGINNING/install/turtlesim_msgs/share/turtlesim_msgs/package.zsh'
[-1785552972268873984.000s] Level 1:colcon.colcon_core.environment:create_file_with_runtime_dependencies(/home/cjson/project/ROS_BEGINNING/install/turtlesim_msgs/share/colcon-core/packages/turtlesim_msgs)
[-1785552972268873984.000s] Level 1:colcon.colcon_core.environment:create_environment_scripts_only(turtlesim_msgs)
[-1785552972268873984.000s] Level 1:colcon.colcon_core.environment:checking '/home/cjson/project/ROS_BEGINNING/install/turtlesim_msgs' for CMake module files
[-1785552972268873984.000s] Level 1:colcon.colcon_core.environment:checking '/home/cjson/project/ROS_BEGINNING/install/turtlesim_msgs' for CMake config files
[-1785552972268873984.000s] Level 1:colcon.colcon_core.shell:create_environment_hook('turtlesim_msgs', 'cmake_prefix_path')
[-1785552972268873984.000s] INFO:colcon.colcon_core.shell:Creating environment hook '/home/cjson/project/ROS_BEGINNING/install/turtlesim_msgs/share/turtlesim_msgs/hook/cmake_prefix_path.ps1'
[-1785552972268873984.000s] INFO:colcon.colcon_core.shell:Creating environment descriptor '/home/cjson/project/ROS_BEGINNING/install/turtlesim_msgs/share/turtlesim_msgs/hook/cmake_prefix_path.dsv'
[-1785552972268873984.000s] INFO:colcon.colcon_core.shell:Creating environment hook '/home/cjson/project/ROS_BEGINNING/install/turtlesim_msgs/share/turtlesim_msgs/hook/cmake_prefix_path.sh'
[-1785552972268873984.000s] Level 1:colcon.colcon_core.environment:checking '/home/cjson/project/ROS_BEGINNING/install/turtlesim_msgs/lib'
[-1785552972268873984.000s] Level 1:colcon.colcon_core.shell:create_environment_hook('turtlesim_msgs', 'ld_library_path_lib')
[-1785552972268873984.000s] INFO:colcon.colcon_core.shell:Creating environment hook '/home/cjson/project/ROS_BEGINNING/install/turtlesim_msgs/share/turtlesim_msgs/hook/ld_library_path_lib.ps1'
[-1785552972268873984.000s] INFO:colcon.colcon_core.shell:Creating environment descriptor '/home/cjson/project/ROS_BEGINNING/install/turtlesim_msgs/share/turtlesim_msgs/hook/ld_library_path_lib.dsv'
[-1785552972268873984.000s] INFO:colcon.colcon_core.shell:Creating environment hook '/home/cjson/project/ROS_BEGINNING/install/turtlesim_msgs/share/turtlesim_msgs/hook/ld_library_path_lib.sh'
[-1785552972268873984.000s] Level 1:colcon.colcon_core.environment:checking '/home/cjson/project/ROS_BEGINNING/install/turtlesim_msgs/bin'
[-1785552972268873984.000s] Level 1:colcon.colcon_core.environment:checking '/home/cjson/project/ROS_BEGINNING/install/turtlesim_msgs/lib/pkgconfig/turtlesim_msgs.pc'
[-1785552972268873984.000s] Level 1:colcon.colcon_core.environment:checking '/home/cjson/project/ROS_BEGINNING/install/turtlesim_msgs/lib/python3.14/site-packages'
[-1785552972268873984.000s] Level 1:colcon.colcon_core.shell:create_environment_hook('turtlesim_msgs', 'pythonpath')
[-1785552972268873984.000s] INFO:colcon.colcon_core.shell:Creating environment hook '/home/cjson/project/ROS_BEGINNING/install/turtlesim_msgs/share/turtlesim_msgs/hook/pythonpath.ps1'
[-1785552972268873984.000s] INFO:colcon.colcon_core.shell:Creating environment descriptor '/home/cjson/project/ROS_BEGINNING/install/turtlesim_msgs/share/turtlesim_msgs/hook/pythonpath.dsv'
[-1785552972268873984.000s] INFO:colcon.colcon_core.shell:Creating environment hook '/home/cjson/project/ROS_BEGINNING/install/turtlesim_msgs/share/turtlesim_msgs/hook/pythonpath.sh'
[-1785552972268873984.000s] Level 1:colcon.colcon_core.environment:checking '/home/cjson/project/ROS_BEGINNING/install/turtlesim_msgs/bin'
[-1785552972268873984.000s] INFO:colcon.colcon_core.shell:Creating package script '/home/cjson/project/ROS_BEGINNING/install/turtlesim_msgs/share/turtlesim_msgs/package.ps1'
[-1785552972268873984.000s] INFO:colcon.colcon_core.shell:Creating package descriptor '/home/cjson/project/ROS_BEGINNING/install/turtlesim_msgs/share/turtlesim_msgs/package.dsv'
[-1785552972268873984.000s] INFO:colcon.colcon_core.shell:Creating package script '/home/cjson/project/ROS_BEGINNING/install/turtlesim_msgs/share/turtlesim_msgs/package.sh'
[-1785552972268873984.000s] INFO:colcon.colcon_core.shell:Creating package script '/home/cjson/project/ROS_BEGINNING/install/turtlesim_msgs/share/turtlesim_msgs/package.bash'
[-1785552972268873984.000s] INFO:colcon.colcon_core.shell:Creating package script '/home/cjson/project/ROS_BEGINNING/install/turtlesim_msgs/share/turtlesim_msgs/package.zsh'
[-1785552972268873984.000s] Level 1:colcon.colcon_core.environment:create_file_with_runtime_dependencies(/home/cjson/project/ROS_BEGINNING/install/turtlesim_msgs/share/colcon-core/packages/turtlesim_msgs)
[-1785552972268873984.000s] INFO:colcon.colcon_ros.task.ament_cmake.build:Building ROS package in '/home/cjson/project/ROS_BEGINNING/src/ros_tutorials/turtlesim' with build type 'ament_cmake'
[-1785552972268873984.000s] INFO:colcon.colcon_cmake.task.cmake.build:Building CMake package in '/home/cjson/project/ROS_BEGINNING/src/ros_tutorials/turtlesim'
[-1785552972268873984.000s] INFO:colcon.colcon_core.shell:Skip shell extension 'powershell' for command environment: Not usable outside of PowerShell
[-1785552972268873984.000s] DEBUG:colcon.colcon_core.shell:Skip shell extension 'dsv' for command environment
[-1785552972268873984.000s] DEBUG:colcon.colcon_core.event_handler.log_command:Invoking command in '/home/cjson/project/ROS_BEGINNING/build/turtlesim': AMENT_PREFIX_PATH=/home/cjson/project/ROS_BEGINNING/install/turtlesim_msgs:${AMENT_PREFIX_PATH} CMAKE_PREFIX_PATH=/home/cjson/project/ROS_BEGINNING/install/turtlesim_msgs:/home/cjson/ros2_lyrical/install/rosbag2:/home/cjson/ros2_lyrical/install/rosbag2_storage_default_plugins:/home/cjson/ros2_lyrical/install/rosbag2_storage_mcap:/home/cjson/ros2_lyrical/install/rosbag2_compression_zstd:/home/cjson/ros2_lyrical/install/mcap_vendor:/home/cjson/ros2_lyrical/install/zstd_cmake_module:/home/cjson/ros2_lyrical/install/zenoh_security_tools:/home/cjson/ros2_lyrical/install/turtlesim:/home/cjson/ros2_lyrical/install/topic_statistics_demo:/home/cjson/ros2_lyrical/install/pendulum_control:/home/cjson/ros2_lyrical/install/tlsf_cpp:/home/cjson/ros2_lyrical/install/geometry2:/home/cjson/ros2_lyrical/install/tf2_sensor_msgs:/home/cjson/ros2_lyrical/install/test_tf2:/home/cjson/ros2_lyrical/install/tf2_kdl:/home/cjson/ros2_lyrical/install/dummy_robot_bringup:/home/cjson/ros2_lyrical/install/rviz2:/home/cjson/ros2_lyrical/install/rviz_default_plugins:/home/cjson/ros2_lyrical/install/interactive_markers:/home/cjson/ros2_lyrical/install/tf2_geometry_msgs:/home/cjson/ros2_lyrical/install/tf2_eigen:/home/cjson/ros2_lyrical/install/tf2_bullet:/home/cjson/ros2_lyrical/install/rviz_visual_testing_framework:/home/cjson/ros2_lyrical/install/rviz_common:/home/cjson/ros2_lyrical/install/robot_state_publisher:/home/cjson/ros2_lyrical/install/tf2_ros:/home/cjson/ros2_lyrical/install/tf2_py:/home/cjson/ros2_lyrical/install/test_tracetools:/home/cjson/ros2_lyrical/install/test_rosidl_buffer:/home/cjson/ros2_lyrical/install/sros2_cmake:/home/cjson/ros2_lyrical/install/ros2cli_common_extensions:/home/cjson/ros2_lyrical/install/rqt_py_common:/home/cjson/ros2_lyrical/install/rqt_gui_cpp:/home/cjson/ros2_lyrical/install/rosbag2_performance_benchmarking:/home/cjson/ros2_lyrical/install/rosbag2_py:/home/cjson/ros2_lyrical/install/rosbag2_examples_cpp:/home/cjson/ros2_lyrical/install/rosbag2_transport:/home/cjson/ros2_lyrical/install/rosbag2_test_common:/home/cjson/ros2_lyrical/install/rosbag2_storage_sqlite3:/home/cjson/ros2_lyrical/install/rosbag2_compression:/home/cjson/ros2_lyrical/install/rosbag2_cpp:/home/cjson/ros2_lyrical/install/rosbag2_storage:/home/cjson/ros2_lyrical/install/ros_testing:/home/cjson/ros2_lyrical/install/ros2lifecycle_test_fixtures:/home/cjson/ros2_lyrical/install/resource_retriever_service_plugin:/home/cjson/ros2_lyrical/install/resource_retriever_service:/home/cjson/ros2_lyrical/install/quality_of_service_demo_cpp:/home/cjson/ros2_lyrical/install/point_cloud_transport_py:/home/cjson/ros2_lyrical/install/point_cloud_transport:/home/cjson/ros2_lyrical/install/image_transport_py:/home/cjson/ros2_lyrical/install/image_common:/home/cjson/ros2_lyrical/install/image_transport:/home/cjson/ros2_lyrical/install/message_filters:/home/cjson/ros2_lyrical/install/demo_nodes_cpp:/home/cjson/ros2_lyrical/install/composition:/home/cjson/ros2_lyrical/install/laser_geometry:/home/cjson/ros2_lyrical/install/rclpy:/home/cjson/ros2_lyrical/install/lifecycle:/home/cjson/ros2_lyrical/install/camera_info_manager:/home/cjson/ros2_lyrical/install/rclcpp_lifecycle:/home/cjson/ros2_lyrical/install/logging_demo:/home/cjson/ros2_lyrical/install/image_tools:/home/cjson/ros2_lyrical/install/examples_rclcpp_wait_set:/home/cjson/ros2_lyrical/install/examples_rclcpp_minimal_subscriber:/home/cjson/ros2_lyrical/install/examples_rclcpp_minimal_composition:/home/cjson/ros2_lyrical/install/demo_nodes_cpp_native:/home/cjson/ros2_lyrical/install/action_tutorials_cpp:/home/cjson/ros2_lyrical/install/rclcpp_components:/home/cjson/ros2_lyrical/install/examples_rclcpp_minimal_action_server:/home/cjson/ros2_lyrical/install/examples_rclcpp_minimal_action_client:/home/cjson/ros2_lyrical/install/rclcpp_action:/home/cjson/ros2_lyrical/install/intra_process_demo:/home/cjson/ros2_lyrical/install/examples_rclcpp_multithreaded_executor:/home/cjson/ros2_lyrical/install/examples_rclcpp_minimal_timer:/home/cjson/ros2_lyrical/install/examples_rclcpp_minimal_service:/home/cjson/ros2_lyrical/install/examples_rclcpp_minimal_publisher:/home/cjson/ros2_lyrical/install/examples_rclcpp_minimal_client:/home/cjson/ros2_lyrical/install/examples_rclcpp_cbg_executor:/home/cjson/ros2_lyrical/install/examples_rclcpp_async_client:/home/cjson/ros2_lyrical/install/dummy_sensors:/home/cjson/ros2_lyrical/install/dummy_map_server:/home/cjson/ros2_lyrical/install/camera_calibration_parsers:/home/cjson/ros2_lyrical/install/rclcpp:/home/cjson/ros2_lyrical/install/rcl_lifecycle:/home/cjson/ros2_lyrical/install/rcl_action:/home/cjson/ros2_lyrical/install/libstatistics_collector:/home/cjson/ros2_lyrical/install/rcl:/home/cjson/ros2_lyrical/install/rmw_implementation:/home/cjson/ros2_lyrical/install/rmw_zenoh_cpp:/home/cjson/ros2_lyrical/install/zenoh_cpp_vendor:/home/cjson/ros2_lyrical/install/yaml_cpp_vendor:/home/cjson/ros2_lyrical/install/common_interfaces:/home/cjson/ros2_lyrical/install/visualization_msgs:/home/cjson/ros2_lyrical/install/kdl_parser:/home/cjson/ros2_lyrical/install/urdf:/home/cjson/ros2_lyrical/install/urdfdom:/home/cjson/ros2_lyrical/install/urdf_parser_plugin:/home/cjson/ros2_lyrical/install/urdfdom_headers:/home/cjson/ros2_lyrical/install/turtlesim_msgs:/home/cjson/ros2_lyrical/install/trajectory_msgs:/home/cjson/ros2_lyrical/install/tf2_msgs:/home/cjson/ros2_lyrical/install/tf2_eigen_kdl:/home/cjson/ros2_lyrical/install/tf2:/home/cjson/ros2_lyrical/install/test_msgs:/home/cjson/ros2_lyrical/install/test_communication:/home/cjson/ros2_lyrical/install/stereo_msgs:/home/cjson/ros2_lyrical/install/std_srvs:/home/cjson/ros2_lyrical/install/shape_msgs:/home/cjson/ros2_lyrical/install/map_msgs:/home/cjson/ros2_lyrical/install/sensor_msgs:/home/cjson/ros2_lyrical/install/nav_msgs:/home/cjson/ros2_lyrical/install/diagnostic_msgs:/home/cjson/ros2_lyrical/install/geometry_msgs:/home/cjson/ros2_lyrical/install/std_msgs:/home/cjson/ros2_lyrical/install/statistics_msgs:/home/cjson/ros2_lyrical/install/rosgraph_msgs:/home/cjson/ros2_lyrical/install/rosbag2_performance_benchmarking_msgs:/home/cjson/ros2_lyrical/install/rosbag2_interfaces:/home/cjson/ros2_lyrical/install/ros2cli_test_interfaces:/home/cjson/ros2_lyrical/install/rmw_fastrtps_dynamic_cpp:/home/cjson/ros2_lyrical/install/rmw_fastrtps_cpp:/home/cjson/ros2_lyrical/install/rmw_fastrtps_shared_cpp:/home/cjson/ros2_lyrical/install/rmw_cyclonedds_cpp:/home/cjson/ros2_lyrical/install/rmw_connextddsmicro:/home/cjson/ros2_lyrical/install/rmw_connextdds:/home/cjson/ros2_lyrical/install/rmw_connextdds_common:/home/cjson/ros2_lyrical/install/rmw_dds_common:/home/cjson/ros2_lyrical/install/resource_retriever_interfaces:/home/cjson/ros2_lyrical/install/composition_interfaces:/home/cjson/ros2_lyrical/install/rcl_interfaces:/home/cjson/ros2_lyrical/install/pendulum_msgs:/home/cjson/ros2_lyrical/install/lifecycle_msgs:/home/cjson/ros2_lyrical/install/example_interfaces:/home/cjson/ros2_lyrical/install/rosidl_default_runtime:/home/cjson/ros2_lyrical/install/rosidl_default_generators:/home/cjson/ros2_lyrical/install/action_msgs:/home/cjson/ros2_lyrical/install/unique_identifier_msgs:/home/cjson/ros2_lyrical/install/type_description_interfaces:/home/cjson/ros2_lyrical/install/service_msgs:/home/cjson/ros2_lyrical/install/builtin_interfaces:/home/cjson/ros2_lyrical/install/rosidl_core_runtime:/home/cjson/ros2_lyrical/install/rosidl_core_generators:/home/cjson/ros2_lyrical/install/rosidl_generator_py:/home/cjson/ros2_lyrical/install/ament_lint_common:/home/cjson/ros2_lyrical/install/ament_cmake_uncrustify:/home/cjson/ros2_lyrical/install/uncrustify_vendor:/home/cjson/ros2_lyrical/install/tracetools:/home/cjson/ros2_lyrical/install/tlsf:/home/cjson/ros2_lyrical/install/test_security:/home/cjson/ros2_lyrical/install/test_rmw_zenoh_cpp:/home/cjson/ros2_lyrical/install/test_rmw_implementation:/home/cjson/ros2_lyrical/install/test_rclcpp:/home/cjson/ros2_lyrical/install/test_quality_of_service:/home/cjson/ros2_lyrical/install/test_launch_testing:/home/cjson/ros2_lyrical/install/test_interface_files:/home/cjson/ros2_lyrical/install/test_cli_remapping:/home/cjson/ros2_lyrical/install/test_cli:/home/cjson/ros2_lyrical/install/qt_gui_core:/home/cjson/ros2_lyrical/install/qt_gui_cpp:/home/cjson/ros2_lyrical/install/qt_gui_app:/home/cjson/ros2_lyrical/install/qt_gui:/home/cjson/ros2_lyrical/install/tango_icons_vendor:/home/cjson/ros2_lyrical/install/rcl_logging_implementation:/home/cjson/ros2_lyrical/install/rcl_logging_spdlog:/home/cjson/ros2_lyrical/install/gz_math_vendor/opt/gz_math_vendor:/home/cjson/ros2_lyrical/install/gz_math_vendor:/home/cjson/ros2_lyrical/install/gz_utils_vendor/opt/gz_utils_vendor:/home/cjson/ros2_lyrical/install/gz_utils_vendor:/home/cjson/ros2_lyrical/install/spdlog_vendor:/home/cjson/ros2_lyrical/install/rviz_rendering_tests:/home/cjson/ros2_lyrical/install/rviz_rendering:/home/cjson/ros2_lyrical/install/rviz_ogre_vendor:/home/cjson/ros2_lyrical/install/rttest:/home/cjson/ros2_lyrical/install/rti_connext_dds_cmake_module:/home/cjson/ros2_lyrical/install/ament_cmake_ros:/home/cjson/ros2_lyrical/install/rmw_test_fixture_implementation:/home/cjson/ros2_lyrical/install/lttngpy:/home/cjson/ros2_lyrical/install/rosidl_typesupport_tests:/home/cjson/ros2_lyrical/install/rosidl_typesupport_introspection_tests:/home/cjson/ros2_lyrical/install/rosidl_typesupport_cpp:/home/cjson/ros2_lyrical/install/rosidl_typesupport_introspection_cpp:/home/cjson/ros2_lyrical/install/rosidl_generator_rs:/home/cjson/ros2_lyrical/install/rosidl_typesupport_c:/home/cjson/ros2_lyrical/install/rosidl_typesupport_introspection_c:/home/cjson/ros2_lyrical/install/rosidl_typesupport_fastrtps_c:/home/cjson/ros2_lyrical/install/rosidl_typesupport_fastrtps_cpp:/home/cjson/ros2_lyrical/install/rosidl_generator_cpp:/home/cjson/ros2_lyrical/install/rosidl_buffer_backend_registry:/home/cjson/ros2_lyrical/install/rosidl_runtime_cpp:/home/cjson/ros2_lyrical/install/rosidl_dynamic_typesupport_fastrtps:/home/cjson/ros2_lyrical/install/rosidl_buffer_backend:/home/cjson/ros2_lyrical/install/rmw_test_fixture:/home/cjson/ros2_lyrical/install/rmw_security_common:/home/cjson/ros2_lyrical/install/rcl_yaml_param_parser:/home/cjson/ros2_lyrical/install/rmw:/home/cjson/ros2_lyrical/install/rosidl_dynamic_typesupport:/home/cjson/ros2_lyrical/install/rosidl_runtime_c:/home/cjson/ros2_lyrical/install/rosidl_generator_c:/home/cjson/ros2_lyrical/install/rosidl_typesupport_interface:/home/cjson/ros2_lyrical/install/rosidl_generator_dds_idl:/home/cjson/ros2_lyrical/install/rosidl_cmake:/home/cjson/ros2_lyrical/install/rosidl_generator_type_description:/home/cjson/ros2_lyrical/install/rosidl_parser:/home/cjson/ros2_lyrical/install/rosidl_generator_tests:/home/cjson/ros2_lyrical/install/rosidl_adapter:/home/cjson/ros2_lyrical/install/rosidl_buffer_py:/home/cjson/ros2_lyrical/install/rosidl_buffer:/home/cjson/ros2_lyrical/install/rosbag2_tests:/home/cjson/ros2_lyrical/install/rosbag2_test_msgdefs:/home/cjson/ros2_lyrical/install/ros_environment:/home/cjson/ros2_lyrical/install/rmw_implementation_cmake:/home/cjson/ros2_lyrical/install/resource_retriever:/home/cjson/ros2_lyrical/install/pluginlib:/home/cjson/ros2_lyrical/install/class_loader:/home/cjson/ros2_lyrical/install/rcpputils:/home/cjson/ros2_lyrical/install/rcl_logging_noop:/home/cjson/ros2_lyrical/install/rcl_logging_interface:/home/cjson/ros2_lyrical/install/rcutils:/home/cjson/ros2_lyrical/install/qt_gui_py_common:/home/cjson/ros2_lyrical/install/python_qt_binding:/home/cjson/ros2_lyrical/install/performance_test_fixture:/home/cjson/ros2_lyrical/install/osrf_testing_tools_cpp:/home/cjson/ros2_lyrical/install/mimick_vendor:/home/cjson/ros2_lyrical/install/lz4_cmake_module:/home/cjson/ros2_lyrical/install/libyaml_vendor:/home/cjson/ros2_lyrical/install/launch_testing_ament_cmake:/home/cjson/ros2_lyrical/install/keyboard_handler:/home/cjson/ros2_lyrical/install/iceoryx_introspection:/home/cjson/ros2_lyrical/install/cyclonedds:/home/cjson/ros2_lyrical/install/iceoryx_posh:/home/cjson/ros2_lyrical/install/iceoryx_hoofs:/home/cjson/ros2_lyrical/install/iceoryx_binding_c:/home/cjson/ros2_lyrical/install/gz_cmake_vendor/opt/gz_cmake_vendor:/home/cjson/ros2_lyrical/install/gz_cmake_vendor:/home/cjson/ros2_lyrical/install/gmock_vendor:/home/cjson/ros2_lyrical/install/gtest_vendor:/home/cjson/ros2_lyrical/install/ament_cmake_google_benchmark:/home/cjson/ros2_lyrical/install/google_benchmark_vendor:/home/cjson/ros2_lyrical/install/fastdds:/home/cjson/ros2_lyrical/install/foonathan_memory_vendor:/home/cjson/ros2_lyrical/install/fastcdr:/home/cjson/ros2_lyrical/install/eigen3_cmake_module:/home/cjson/ros2_lyrical/install/console_bridge_vendor:/home/cjson/ros2_lyrical/install/ament_cmake_xmllint:/home/cjson/ros2_lyrical/install/ament_cmake_pyflakes:/home/cjson/ros2_lyrical/install/ament_cmake_pycodestyle:/home/cjson/ros2_lyrical/install/ament_cmake_pep257:/home/cjson/ros2_lyrical/install/ament_cmake_pclint:/home/cjson/ros2_lyrical/install/ament_lint_auto:/home/cjson/ros2_lyrical/install/ament_cmake_auto:/home/cjson/ros2_lyrical/install/ament_cmake:/home/cjson/ros2_lyrical/install/ament_cmake_version:/home/cjson/ros2_lyrical/install/ament_cmake_vendor_package:/home/cjson/ros2_lyrical/install/ament_cmake_pytest:/home/cjson/ros2_lyrical/install/ament_cmake_mypy:/home/cjson/ros2_lyrical/install/ament_cmake_lint_cmake:/home/cjson/ros2_lyrical/install/ament_cmake_gmock:/home/cjson/ros2_lyrical/install/ament_cmake_gtest:/home/cjson/ros2_lyrical/install/ament_cmake_flake8:/home/cjson/ros2_lyrical/install/ament_cmake_cpplint:/home/cjson/ros2_lyrical/install/ament_cmake_cppcheck:/home/cjson/ros2_lyrical/install/ament_cmake_copyright:/home/cjson/ros2_lyrical/install/ament_cmake_clang_tidy:/home/cjson/ros2_lyrical/install/ament_cmake_clang_format:/home/cjson/ros2_lyrical/install/ament_cmake_test:/home/cjson/ros2_lyrical/install/ament_cmake_target_dependencies:/home/cjson/ros2_lyrical/install/ament_cmake_ros_core:/home/cjson/ros2_lyrical/install/ament_cmake_python_test:/home/cjson/ros2_lyrical/install/ament_cmake_python:/home/cjson/ros2_lyrical/install/ament_cmake_export_dependencies:/home/cjson/ros2_lyrical/install/ament_cmake_libraries:/home/cjson/ros2_lyrical/install/ament_cmake_include_directories:/home/cjson/ros2_lyrical/install/ament_cmake_gen_version_h:/home/cjson/ros2_lyrical/install/ament_cmake_export_targets:/home/cjson/ros2_lyrical/install/ament_cmake_export_link_flags:/home/cjson/ros2_lyrical/install/ament_cmake_export_libraries:/home/cjson/ros2_lyrical/install/ament_cmake_export_include_directories:/home/cjson/ros2_lyrical/install/ament_cmake_export_definitions:/home/cjson/ros2_lyrical/install/ament_cmake_core:/home/cjson/ros2_lyrical/install/ament_index_cpp:/opt/ros/lyrical:/home/cjson/ros2_lyrical/install/rqt_bag_plugins:/home/cjson/ros2_lyrical/install/launch_testing_examples:/home/cjson/ros2_lyrical/install/ros2bag:/home/cjson/ros2_lyrical/install/tracetools_test:/home/cjson/ros2_lyrical/install/tracetools_launch:/home/cjson/ros2_lyrical/install/topic_monitor:/home/cjson/ros2_lyrical/install/tf2_tools:/home/cjson/ros2_lyrical/install/examples_tf2_py:/home/cjson/ros2_lyrical/install/tf2_ros_py:/home/cjson/ros2_lyrical/install/sros2:/home/cjson/ros2_lyrical/install/rqt_topic:/home/cjson/ros2_lyrical/install/rqt_srv:/home/cjson/ros2_lyrical/install/rqt_shell:/home/cjson/ros2_lyrical/install/rqt_service_caller:/home/cjson/ros2_lyrical/install/rqt_reconfigure:/home/cjson/ros2_lyrical/install/rqt_py_console:/home/cjson/ros2_lyrical/install/rqt_publisher:/home/cjson/ros2_lyrical/install/rqt_plot:/home/cjson/ros2_lyrical/install/rqt_action:/home/cjson/ros2_lyrical/install/rqt_msg:/home/cjson/ros2_lyrical/install/rqt_console:/home/cjson/ros2_lyrical/install/rqt:/home/cjson/ros2_lyrical/install/rqt_graph:/home/cjson/ros2_lyrical/install/rqt_bag:/home/cjson/ros2_lyrical/install/rqt_gui_py:/home/cjson/ros2_lyrical/install/rqt_gui:/home/cjson/ros2_lyrical/install/rosbag2_examples_py:/home/cjson/ros2_lyrical/install/ros2trace:/home/cjson/ros2_lyrical/install/ros2topic:/home/cjson/ros2_lyrical/install/ros2test:/home/cjson/ros2_lyrical/install/ros2component:/home/cjson/ros2_lyrical/install/ros2param:/home/cjson/ros2_lyrical/install/ros2lifecycle:/home/cjson/ros2_lyrical/install/ros2service:/home/cjson/ros2_lyrical/install/ros2run:/home/cjson/ros2_lyrical/install/ros2plugin:/home/cjson/ros2_lyrical/install/ros2launch:/home/cjson/ros2_lyrical/install/ros2pkg:/home/cjson/ros2_lyrical/install/ros2node:/home/cjson/ros2_lyrical/install/ros2multicast:/home/cjson/ros2_lyrical/install/ros2interface:/home/cjson/ros2_lyrical/install/ros2doctor:/home/cjson/ros2_lyrical/install/ros2action:/home/cjson/ros2_lyrical/install/ros2cli:/home/cjson/ros2_lyrical/install/quality_of_service_demo_py:/home/cjson/ros2_lyrical/install/lifecycle_py:/home/cjson/ros2_lyrical/install/launch_testing_ros:/home/cjson/ros2_lyrical/install/launch_ros:/home/cjson/ros2_lyrical/install/examples_rclpy_pointcloud_publisher:/home/cjson/ros2_lyrical/install/examples_rclpy_minimal_subscriber:/home/cjson/ros2_lyrical/install/examples_rclpy_minimal_service:/home/cjson/ros2_lyrical/install/examples_rclpy_minimal_publisher:/home/cjson/ros2_lyrical/install/examples_rclpy_minimal_client:/home/cjson/ros2_lyrical/install/examples_rclpy_minimal_action_server:/home/cjson/ros2_lyrical/install/examples_rclpy_minimal_action_client:/home/cjson/ros2_lyrical/install/examples_rclpy_guard_conditions:/home/cjson/ros2_lyrical/install/examples_rclpy_executors:/home/cjson/ros2_lyrical/install/demo_nodes_py:/home/cjson/ros2_lyrical/install/camera_info_manager_py:/home/cjson/ros2_lyrical/install/action_tutorials_py:/home/cjson/ros2_lyrical/install/sensor_msgs_py:/home/cjson/ros2_lyrical/install/ament_uncrustify:/home/cjson/ros2_lyrical/install/tracetools_trace:/home/cjson/ros2_lyrical/install/tracetools_read:/home/cjson/ros2_lyrical/install/test_tracetools_launch:/home/cjson/ros2_lyrical/install/test_ros2trace:/home/cjson/ros2_lyrical/install/test_launch_ros:/home/cjson/ros2_lyrical/install/rpyutils:/home/cjson/ros2_lyrical/install/rosidl_runtime_py:/home/cjson/ros2_lyrical/install/rosidl_pycommon:/home/cjson/ros2_lyrical/install/rosidl_cli:/home/cjson/ros2_lyrical/install/qt_dotgraph:/home/cjson/ros2_lyrical/install/launch_pytest:/home/cjson/ros2_lyrical/install/launch_testing:/home/cjson/ros2_lyrical/install/launch_yaml:/home/cjson/ros2_lyrical/install/launch_xml:/home/cjson/ros2_lyrical/install/launch:/home/cjson/ros2_lyrical/install/domain_coordinator:/home/cjson/ros2_lyrical/install/ament_xmllint:/home/cjson/ros2_lyrical/install/ament_pyflakes:/home/cjson/ros2_lyrical/install/ament_pycodestyle:/home/cjson/ros2_lyrical/install/ament_pep257:/home/cjson/ros2_lyrical/install/ament_pclint:/home/cjson/ros2_lyrical/install/ament_package:/home/cjson/ros2_lyrical/install/ament_mypy:/home/cjson/ros2_lyrical/install/ament_lint_cmake:/home/cjson/ros2_lyrical/install/ament_flake8:/home/cjson/ros2_lyrical/install/ament_copyright:/home/cjson/ros2_lyrical/install/ament_lint:/home/cjson/ros2_lyrical/install/ament_index_python:/home/cjson/ros2_lyrical/install/ament_cpplint:/home/cjson/ros2_lyrical/install/ament_cppcheck:/home/cjson/ros2_lyrical/install/ament_clang_tidy:/home/cjson/ros2_lyrical/install/ament_clang_format LD_LIBRARY_PATH=/home/cjson/project/ROS_BEGINNING/install/turtlesim_msgs/lib:${LD_LIBRARY_PATH} PYTHONPATH=/home/cjson/project/ROS_BEGINNING/install/turtlesim_msgs/lib/python3.14/site-packages:${PYTHONPATH} /usr/bin/cmake --build /home/cjson/project/ROS_BEGINNING/build/turtlesim -- -j10 -l10
[-1785552972268873984.000s] DEBUG:colcon.colcon_core.event_handler.log_command:Invoked command in '/home/cjson/project/ROS_BEGINNING/build/turtlesim' returned '0': AMENT_PREFIX_PATH=/home/cjson/project/ROS_BEGINNING/install/turtlesim_msgs:${AMENT_PREFIX_PATH} CMAKE_PREFIX_PATH=/home/cjson/project/ROS_BEGINNING/install/turtlesim_msgs:/home/cjson/ros2_lyrical/install/rosbag2:/home/cjson/ros2_lyrical/install/rosbag2_storage_default_plugins:/home/cjson/ros2_lyrical/install/rosbag2_storage_mcap:/home/cjson/ros2_lyrical/install/rosbag2_compression_zstd:/home/cjson/ros2_lyrical/install/mcap_vendor:/home/cjson/ros2_lyrical/install/zstd_cmake_module:/home/cjson/ros2_lyrical/install/zenoh_security_tools:/home/cjson/ros2_lyrical/install/turtlesim:/home/cjson/ros2_lyrical/install/topic_statistics_demo:/home/cjson/ros2_lyrical/install/pendulum_control:/home/cjson/ros2_lyrical/install/tlsf_cpp:/home/cjson/ros2_lyrical/install/geometry2:/home/cjson/ros2_lyrical/install/tf2_sensor_msgs:/home/cjson/ros2_lyrical/install/test_tf2:/home/cjson/ros2_lyrical/install/tf2_kdl:/home/cjson/ros2_lyrical/install/dummy_robot_bringup:/home/cjson/ros2_lyrical/install/rviz2:/home/cjson/ros2_lyrical/install/rviz_default_plugins:/home/cjson/ros2_lyrical/install/interactive_markers:/home/cjson/ros2_lyrical/install/tf2_geometry_msgs:/home/cjson/ros2_lyrical/install/tf2_eigen:/home/cjson/ros2_lyrical/install/tf2_bullet:/home/cjson/ros2_lyrical/install/rviz_visual_testing_framework:/home/cjson/ros2_lyrical/install/rviz_common:/home/cjson/ros2_lyrical/install/robot_state_publisher:/home/cjson/ros2_lyrical/install/tf2_ros:/home/cjson/ros2_lyrical/install/tf2_py:/home/cjson/ros2_lyrical/install/test_tracetools:/home/cjson/ros2_lyrical/install/test_rosidl_buffer:/home/cjson/ros2_lyrical/install/sros2_cmake:/home/cjson/ros2_lyrical/install/ros2cli_common_extensions:/home/cjson/ros2_lyrical/install/rqt_py_common:/home/cjson/ros2_lyrical/install/rqt_gui_cpp:/home/cjson/ros2_lyrical/install/rosbag2_performance_benchmarking:/home/cjson/ros2_lyrical/install/rosbag2_py:/home/cjson/ros2_lyrical/install/rosbag2_examples_cpp:/home/cjson/ros2_lyrical/install/rosbag2_transport:/home/cjson/ros2_lyrical/install/rosbag2_test_common:/home/cjson/ros2_lyrical/install/rosbag2_storage_sqlite3:/home/cjson/ros2_lyrical/install/rosbag2_compression:/home/cjson/ros2_lyrical/install/rosbag2_cpp:/home/cjson/ros2_lyrical/install/rosbag2_storage:/home/cjson/ros2_lyrical/install/ros_testing:/home/cjson/ros2_lyrical/install/ros2lifecycle_test_fixtures:/home/cjson/ros2_lyrical/install/resource_retriever_service_plugin:/home/cjson/ros2_lyrical/install/resource_retriever_service:/home/cjson/ros2_lyrical/install/quality_of_service_demo_cpp:/home/cjson/ros2_lyrical/install/point_cloud_transport_py:/home/cjson/ros2_lyrical/install/point_cloud_transport:/home/cjson/ros2_lyrical/install/image_transport_py:/home/cjson/ros2_lyrical/install/image_common:/home/cjson/ros2_lyrical/install/image_transport:/home/cjson/ros2_lyrical/install/message_filters:/home/cjson/ros2_lyrical/install/demo_nodes_cpp:/home/cjson/ros2_lyrical/install/composition:/home/cjson/ros2_lyrical/install/laser_geometry:/home/cjson/ros2_lyrical/install/rclpy:/home/cjson/ros2_lyrical/install/lifecycle:/home/cjson/ros2_lyrical/install/camera_info_manager:/home/cjson/ros2_lyrical/install/rclcpp_lifecycle:/home/cjson/ros2_lyrical/install/logging_demo:/home/cjson/ros2_lyrical/install/image_tools:/home/cjson/ros2_lyrical/install/examples_rclcpp_wait_set:/home/cjson/ros2_lyrical/install/examples_rclcpp_minimal_subscriber:/home/cjson/ros2_lyrical/install/examples_rclcpp_minimal_composition:/home/cjson/ros2_lyrical/install/demo_nodes_cpp_native:/home/cjson/ros2_lyrical/install/action_tutorials_cpp:/home/cjson/ros2_lyrical/install/rclcpp_components:/home/cjson/ros2_lyrical/install/examples_rclcpp_minimal_action_server:/home/cjson/ros2_lyrical/install/examples_rclcpp_minimal_action_client:/home/cjson/ros2_lyrical/install/rclcpp_action:/home/cjson/ros2_lyrical/install/intra_process_demo:/home/cjson/ros2_lyrical/install/examples_rclcpp_multithreaded_executor:/home/cjson/ros2_lyrical/install/examples_rclcpp_minimal_timer:/home/cjson/ros2_lyrical/install/examples_rclcpp_minimal_service:/home/cjson/ros2_lyrical/install/examples_rclcpp_minimal_publisher:/home/cjson/ros2_lyrical/install/examples_rclcpp_minimal_client:/home/cjson/ros2_lyrical/install/examples_rclcpp_cbg_executor:/home/cjson/ros2_lyrical/install/examples_rclcpp_async_client:/home/cjson/ros2_lyrical/install/dummy_sensors:/home/cjson/ros2_lyrical/install/dummy_map_server:/home/cjson/ros2_lyrical/install/camera_calibration_parsers:/home/cjson/ros2_lyrical/install/rclcpp:/home/cjson/ros2_lyrical/install/rcl_lifecycle:/home/cjson/ros2_lyrical/install/rcl_action:/home/cjson/ros2_lyrical/install/libstatistics_collector:/home/cjson/ros2_lyrical/install/rcl:/home/cjson/ros2_lyrical/install/rmw_implementation:/home/cjson/ros2_lyrical/install/rmw_zenoh_cpp:/home/cjson/ros2_lyrical/install/zenoh_cpp_vendor:/home/cjson/ros2_lyrical/install/yaml_cpp_vendor:/home/cjson/ros2_lyrical/install/common_interfaces:/home/cjson/ros2_lyrical/install/visualization_msgs:/home/cjson/ros2_lyrical/install/kdl_parser:/home/cjson/ros2_lyrical/install/urdf:/home/cjson/ros2_lyrical/install/urdfdom:/home/cjson/ros2_lyrical/install/urdf_parser_plugin:/home/cjson/ros2_lyrical/install/urdfdom_headers:/home/cjson/ros2_lyrical/install/turtlesim_msgs:/home/cjson/ros2_lyrical/install/trajectory_msgs:/home/cjson/ros2_lyrical/install/tf2_msgs:/home/cjson/ros2_lyrical/install/tf2_eigen_kdl:/home/cjson/ros2_lyrical/install/tf2:/home/cjson/ros2_lyrical/install/test_msgs:/home/cjson/ros2_lyrical/install/test_communication:/home/cjson/ros2_lyrical/install/stereo_msgs:/home/cjson/ros2_lyrical/install/std_srvs:/home/cjson/ros2_lyrical/install/shape_msgs:/home/cjson/ros2_lyrical/install/map_msgs:/home/cjson/ros2_lyrical/install/sensor_msgs:/home/cjson/ros2_lyrical/install/nav_msgs:/home/cjson/ros2_lyrical/install/diagnostic_msgs:/home/cjson/ros2_lyrical/install/geometry_msgs:/home/cjson/ros2_lyrical/install/std_msgs:/home/cjson/ros2_lyrical/install/statistics_msgs:/home/cjson/ros2_lyrical/install/rosgraph_msgs:/home/cjson/ros2_lyrical/install/rosbag2_performance_benchmarking_msgs:/home/cjson/ros2_lyrical/install/rosbag2_interfaces:/home/cjson/ros2_lyrical/install/ros2cli_test_interfaces:/home/cjson/ros2_lyrical/install/rmw_fastrtps_dynamic_cpp:/home/cjson/ros2_lyrical/install/rmw_fastrtps_cpp:/home/cjson/ros2_lyrical/install/rmw_fastrtps_shared_cpp:/home/cjson/ros2_lyrical/install/rmw_cyclonedds_cpp:/home/cjson/ros2_lyrical/install/rmw_connextddsmicro:/home/cjson/ros2_lyrical/install/rmw_connextdds:/home/cjson/ros2_lyrical/install/rmw_connextdds_common:/home/cjson/ros2_lyrical/install/rmw_dds_common:/home/cjson/ros2_lyrical/install/resource_retriever_interfaces:/home/cjson/ros2_lyrical/install/composition_interfaces:/home/cjson/ros2_lyrical/install/rcl_interfaces:/home/cjson/ros2_lyrical/install/pendulum_msgs:/home/cjson/ros2_lyrical/install/lifecycle_msgs:/home/cjson/ros2_lyrical/install/example_interfaces:/home/cjson/ros2_lyrical/install/rosidl_default_runtime:/home/cjson/ros2_lyrical/install/rosidl_default_generators:/home/cjson/ros2_lyrical/install/action_msgs:/home/cjson/ros2_lyrical/install/unique_identifier_msgs:/home/cjson/ros2_lyrical/install/type_description_interfaces:/home/cjson/ros2_lyrical/install/service_msgs:/home/cjson/ros2_lyrical/install/builtin_interfaces:/home/cjson/ros2_lyrical/install/rosidl_core_runtime:/home/cjson/ros2_lyrical/install/rosidl_core_generators:/home/cjson/ros2_lyrical/install/rosidl_generator_py:/home/cjson/ros2_lyrical/install/ament_lint_common:/home/cjson/ros2_lyrical/install/ament_cmake_uncrustify:/home/cjson/ros2_lyrical/install/uncrustify_vendor:/home/cjson/ros2_lyrical/install/tracetools:/home/cjson/ros2_lyrical/install/tlsf:/home/cjson/ros2_lyrical/install/test_security:/home/cjson/ros2_lyrical/install/test_rmw_zenoh_cpp:/home/cjson/ros2_lyrical/install/test_rmw_implementation:/home/cjson/ros2_lyrical/install/test_rclcpp:/home/cjson/ros2_lyrical/install/test_quality_of_service:/home/cjson/ros2_lyrical/install/test_launch_testing:/home/cjson/ros2_lyrical/install/test_interface_files:/home/cjson/ros2_lyrical/install/test_cli_remapping:/home/cjson/ros2_lyrical/install/test_cli:/home/cjson/ros2_lyrical/install/qt_gui_core:/home/cjson/ros2_lyrical/install/qt_gui_cpp:/home/cjson/ros2_lyrical/install/qt_gui_app:/home/cjson/ros2_lyrical/install/qt_gui:/home/cjson/ros2_lyrical/install/tango_icons_vendor:/home/cjson/ros2_lyrical/install/rcl_logging_implementation:/home/cjson/ros2_lyrical/install/rcl_logging_spdlog:/home/cjson/ros2_lyrical/install/gz_math_vendor/opt/gz_math_vendor:/home/cjson/ros2_lyrical/install/gz_math_vendor:/home/cjson/ros2_lyrical/install/gz_utils_vendor/opt/gz_utils_vendor:/home/cjson/ros2_lyrical/install/gz_utils_vendor:/home/cjson/ros2_lyrical/install/spdlog_vendor:/home/cjson/ros2_lyrical/install/rviz_rendering_tests:/home/cjson/ros2_lyrical/install/rviz_rendering:/home/cjson/ros2_lyrical/install/rviz_ogre_vendor:/home/cjson/ros2_lyrical/install/rttest:/home/cjson/ros2_lyrical/install/rti_connext_dds_cmake_module:/home/cjson/ros2_lyrical/install/ament_cmake_ros:/home/cjson/ros2_lyrical/install/rmw_test_fixture_implementation:/home/cjson/ros2_lyrical/install/lttngpy:/home/cjson/ros2_lyrical/install/rosidl_typesupport_tests:/home/cjson/ros2_lyrical/install/rosidl_typesupport_introspection_tests:/home/cjson/ros2_lyrical/install/rosidl_typesupport_cpp:/home/cjson/ros2_lyrical/install/rosidl_typesupport_introspection_cpp:/home/cjson/ros2_lyrical/install/rosidl_generator_rs:/home/cjson/ros2_lyrical/install/rosidl_typesupport_c:/home/cjson/ros2_lyrical/install/rosidl_typesupport_introspection_c:/home/cjson/ros2_lyrical/install/rosidl_typesupport_fastrtps_c:/home/cjson/ros2_lyrical/install/rosidl_typesupport_fastrtps_cpp:/home/cjson/ros2_lyrical/install/rosidl_generator_cpp:/home/cjson/ros2_lyrical/install/rosidl_buffer_backend_registry:/home/cjson/ros2_lyrical/install/rosidl_runtime_cpp:/home/cjson/ros2_lyrical/install/rosidl_dynamic_typesupport_fastrtps:/home/cjson/ros2_lyrical/install/rosidl_buffer_backend:/home/cjson/ros2_lyrical/install/rmw_test_fixture:/home/cjson/ros2_lyrical/install/rmw_security_common:/home/cjson/ros2_lyrical/install/rcl_yaml_param_parser:/home/cjson/ros2_lyrical/install/rmw:/home/cjson/ros2_lyrical/install/rosidl_dynamic_typesupport:/home/cjson/ros2_lyrical/install/rosidl_runtime_c:/home/cjson/ros2_lyrical/install/rosidl_generator_c:/home/cjson/ros2_lyrical/install/rosidl_typesupport_interface:/home/cjson/ros2_lyrical/install/rosidl_generator_dds_idl:/home/cjson/ros2_lyrical/install/rosidl_cmake:/home/cjson/ros2_lyrical/install/rosidl_generator_type_description:/home/cjson/ros2_lyrical/install/rosidl_parser:/home/cjson/ros2_lyrical/install/rosidl_generator_tests:/home/cjson/ros2_lyrical/install/rosidl_adapter:/home/cjson/ros2_lyrical/install/rosidl_buffer_py:/home/cjson/ros2_lyrical/install/rosidl_buffer:/home/cjson/ros2_lyrical/install/rosbag2_tests:/home/cjson/ros2_lyrical/install/rosbag2_test_msgdefs:/home/cjson/ros2_lyrical/install/ros_environment:/home/cjson/ros2_lyrical/install/rmw_implementation_cmake:/home/cjson/ros2_lyrical/install/resource_retriever:/home/cjson/ros2_lyrical/install/pluginlib:/home/cjson/ros2_lyrical/install/class_loader:/home/cjson/ros2_lyrical/install/rcpputils:/home/cjson/ros2_lyrical/install/rcl_logging_noop:/home/cjson/ros2_lyrical/install/rcl_logging_interface:/home/cjson/ros2_lyrical/install/rcutils:/home/cjson/ros2_lyrical/install/qt_gui_py_common:/home/cjson/ros2_lyrical/install/python_qt_binding:/home/cjson/ros2_lyrical/install/performance_test_fixture:/home/cjson/ros2_lyrical/install/osrf_testing_tools_cpp:/home/cjson/ros2_lyrical/install/mimick_vendor:/home/cjson/ros2_lyrical/install/lz4_cmake_module:/home/cjson/ros2_lyrical/install/libyaml_vendor:/home/cjson/ros2_lyrical/install/launch_testing_ament_cmake:/home/cjson/ros2_lyrical/install/keyboard_handler:/home/cjson/ros2_lyrical/install/iceoryx_introspection:/home/cjson/ros2_lyrical/install/cyclonedds:/home/cjson/ros2_lyrical/install/iceoryx_posh:/home/cjson/ros2_lyrical/install/iceoryx_hoofs:/home/cjson/ros2_lyrical/install/iceoryx_binding_c:/home/cjson/ros2_lyrical/install/gz_cmake_vendor/opt/gz_cmake_vendor:/home/cjson/ros2_lyrical/install/gz_cmake_vendor:/home/cjson/ros2_lyrical/install/gmock_vendor:/home/cjson/ros2_lyrical/install/gtest_vendor:/home/cjson/ros2_lyrical/install/ament_cmake_google_benchmark:/home/cjson/ros2_lyrical/install/google_benchmark_vendor:/home/cjson/ros2_lyrical/install/fastdds:/home/cjson/ros2_lyrical/install/foonathan_memory_vendor:/home/cjson/ros2_lyrical/install/fastcdr:/home/cjson/ros2_lyrical/install/eigen3_cmake_module:/home/cjson/ros2_lyrical/install/console_bridge_vendor:/home/cjson/ros2_lyrical/install/ament_cmake_xmllint:/home/cjson/ros2_lyrical/install/ament_cmake_pyflakes:/home/cjson/ros2_lyrical/install/ament_cmake_pycodestyle:/home/cjson/ros2_lyrical/install/ament_cmake_pep257:/home/cjson/ros2_lyrical/install/ament_cmake_pclint:/home/cjson/ros2_lyrical/install/ament_lint_auto:/home/cjson/ros2_lyrical/install/ament_cmake_auto:/home/cjson/ros2_lyrical/install/ament_cmake:/home/cjson/ros2_lyrical/install/ament_cmake_version:/home/cjson/ros2_lyrical/install/ament_cmake_vendor_package:/home/cjson/ros2_lyrical/install/ament_cmake_pytest:/home/cjson/ros2_lyrical/install/ament_cmake_mypy:/home/cjson/ros2_lyrical/install/ament_cmake_lint_cmake:/home/cjson/ros2_lyrical/install/ament_cmake_gmock:/home/cjson/ros2_lyrical/install/ament_cmake_gtest:/home/cjson/ros2_lyrical/install/ament_cmake_flake8:/home/cjson/ros2_lyrical/install/ament_cmake_cpplint:/home/cjson/ros2_lyrical/install/ament_cmake_cppcheck:/home/cjson/ros2_lyrical/install/ament_cmake_copyright:/home/cjson/ros2_lyrical/install/ament_cmake_clang_tidy:/home/cjson/ros2_lyrical/install/ament_cmake_clang_format:/home/cjson/ros2_lyrical/install/ament_cmake_test:/home/cjson/ros2_lyrical/install/ament_cmake_target_dependencies:/home/cjson/ros2_lyrical/install/ament_cmake_ros_core:/home/cjson/ros2_lyrical/install/ament_cmake_python_test:/home/cjson/ros2_lyrical/install/ament_cmake_python:/home/cjson/ros2_lyrical/install/ament_cmake_export_dependencies:/home/cjson/ros2_lyrical/install/ament_cmake_libraries:/home/cjson/ros2_lyrical/install/ament_cmake_include_directories:/home/cjson/ros2_lyrical/install/ament_cmake_gen_version_h:/home/cjson/ros2_lyrical/install/ament_cmake_export_targets:/home/cjson/ros2_lyrical/install/ament_cmake_export_link_flags:/home/cjson/ros2_lyrical/install/ament_cmake_export_libraries:/home/cjson/ros2_lyrical/install/ament_cmake_export_include_directories:/home/cjson/ros2_lyrical/install/ament_cmake_export_definitions:/home/cjson/ros2_lyrical/install/ament_cmake_core:/home/cjson/ros2_lyrical/install/ament_index_cpp:/opt/ros/lyrical:/home/cjson/ros2_lyrical/install/rqt_bag_plugins:/home/cjson/ros2_lyrical/install/launch_testing_examples:/home/cjson/ros2_lyrical/install/ros2bag:/home/cjson/ros2_lyrical/install/tracetools_test:/home/cjson/ros2_lyrical/install/tracetools_launch:/home/cjson/ros2_lyrical/install/topic_monitor:/home/cjson/ros2_lyrical/install/tf2_tools:/home/cjson/ros2_lyrical/install/examples_tf2_py:/home/cjson/ros2_lyrical/install/tf2_ros_py:/home/cjson/ros2_lyrical/install/sros2:/home/cjson/ros2_lyrical/install/rqt_topic:/home/cjson/ros2_lyrical/install/rqt_srv:/home/cjson/ros2_lyrical/install/rqt_shell:/home/cjson/ros2_lyrical/install/rqt_service_caller:/home/cjson/ros2_lyrical/install/rqt_reconfigure:/home/cjson/ros2_lyrical/install/rqt_py_console:/home/cjson/ros2_lyrical/install/rqt_publisher:/home/cjson/ros2_lyrical/install/rqt_plot:/home/cjson/ros2_lyrical/install/rqt_action:/home/cjson/ros2_lyrical/install/rqt_msg:/home/cjson/ros2_lyrical/install/rqt_console:/home/cjson/ros2_lyrical/install/rqt:/home/cjson/ros2_lyrical/install/rqt_graph:/home/cjson/ros2_lyrical/install/rqt_bag:/home/cjson/ros2_lyrical/install/rqt_gui_py:/home/cjson/ros2_lyrical/install/rqt_gui:/home/cjson/ros2_lyrical/install/rosbag2_examples_py:/home/cjson/ros2_lyrical/install/ros2trace:/home/cjson/ros2_lyrical/install/ros2topic:/home/cjson/ros2_lyrical/install/ros2test:/home/cjson/ros2_lyrical/install/ros2component:/home/cjson/ros2_lyrical/install/ros2param:/home/cjson/ros2_lyrical/install/ros2lifecycle:/home/cjson/ros2_lyrical/install/ros2service:/home/cjson/ros2_lyrical/install/ros2run:/home/cjson/ros2_lyrical/install/ros2plugin:/home/cjson/ros2_lyrical/install/ros2launch:/home/cjson/ros2_lyrical/install/ros2pkg:/home/cjson/ros2_lyrical/install/ros2node:/home/cjson/ros2_lyrical/install/ros2multicast:/home/cjson/ros2_lyrical/install/ros2interface:/home/cjson/ros2_lyrical/install/ros2doctor:/home/cjson/ros2_lyrical/install/ros2action:/home/cjson/ros2_lyrical/install/ros2cli:/home/cjson/ros2_lyrical/install/quality_of_service_demo_py:/home/cjson/ros2_lyrical/install/lifecycle_py:/home/cjson/ros2_lyrical/install/launch_testing_ros:/home/cjson/ros2_lyrical/install/launch_ros:/home/cjson/ros2_lyrical/install/examples_rclpy_pointcloud_publisher:/home/cjson/ros2_lyrical/install/examples_rclpy_minimal_subscriber:/home/cjson/ros2_lyrical/install/examples_rclpy_minimal_service:/home/cjson/ros2_lyrical/install/examples_rclpy_minimal_publisher:/home/cjson/ros2_lyrical/install/examples_rclpy_minimal_client:/home/cjson/ros2_lyrical/install/examples_rclpy_minimal_action_server:/home/cjson/ros2_lyrical/install/examples_rclpy_minimal_action_client:/home/cjson/ros2_lyrical/install/examples_rclpy_guard_conditions:/home/cjson/ros2_lyrical/install/examples_rclpy_executors:/home/cjson/ros2_lyrical/install/demo_nodes_py:/home/cjson/ros2_lyrical/install/camera_info_manager_py:/home/cjson/ros2_lyrical/install/action_tutorials_py:/home/cjson/ros2_lyrical/install/sensor_msgs_py:/home/cjson/ros2_lyrical/install/ament_uncrustify:/home/cjson/ros2_lyrical/install/tracetools_trace:/home/cjson/ros2_lyrical/install/tracetools_read:/home/cjson/ros2_lyrical/install/test_tracetools_launch:/home/cjson/ros2_lyrical/install/test_ros2trace:/home/cjson/ros2_lyrical/install/test_launch_ros:/home/cjson/ros2_lyrical/install/rpyutils:/home/cjson/ros2_lyrical/install/rosidl_runtime_py:/home/cjson/ros2_lyrical/install/rosidl_pycommon:/home/cjson/ros2_lyrical/install/rosidl_cli:/home/cjson/ros2_lyrical/install/qt_dotgraph:/home/cjson/ros2_lyrical/install/launch_pytest:/home/cjson/ros2_lyrical/install/launch_testing:/home/cjson/ros2_lyrical/install/launch_yaml:/home/cjson/ros2_lyrical/install/launch_xml:/home/cjson/ros2_lyrical/install/launch:/home/cjson/ros2_lyrical/install/domain_coordinator:/home/cjson/ros2_lyrical/install/ament_xmllint:/home/cjson/ros2_lyrical/install/ament_pyflakes:/home/cjson/ros2_lyrical/install/ament_pycodestyle:/home/cjson/ros2_lyrical/install/ament_pep257:/home/cjson/ros2_lyrical/install/ament_pclint:/home/cjson/ros2_lyrical/install/ament_package:/home/cjson/ros2_lyrical/install/ament_mypy:/home/cjson/ros2_lyrical/install/ament_lint_cmake:/home/cjson/ros2_lyrical/install/ament_flake8:/home/cjson/ros2_lyrical/install/ament_copyright:/home/cjson/ros2_lyrical/install/ament_lint:/home/cjson/ros2_lyrical/install/ament_index_python:/home/cjson/ros2_lyrical/install/ament_cpplint:/home/cjson/ros2_lyrical/install/ament_cppcheck:/home/cjson/ros2_lyrical/install/ament_clang_tidy:/home/cjson/ros2_lyrical/install/ament_clang_format LD_LIBRARY_PATH=/home/cjson/project/ROS_BEGINNING/install/turtlesim_msgs/lib:${LD_LIBRARY_PATH} PYTHONPATH=/home/cjson/project/ROS_BEGINNING/install/turtlesim_msgs/lib/python3.14/site-packages:${PYTHONPATH} /usr/bin/cmake --build /home/cjson/project/ROS_BEGINNING/build/turtlesim -- -j10 -l10
[-1785552972268873984.000s] DEBUG:colcon.colcon_core.event_handler.log_command:Invoking command in '/home/cjson/project/ROS_BEGINNING/build/turtlesim': AMENT_PREFIX_PATH=/home/cjson/project/ROS_BEGINNING/install/turtlesim_msgs:${AMENT_PREFIX_PATH} CMAKE_PREFIX_PATH=/home/cjson/project/ROS_BEGINNING/install/turtlesim_msgs:/home/cjson/ros2_lyrical/install/rosbag2:/home/cjson/ros2_lyrical/install/rosbag2_storage_default_plugins:/home/cjson/ros2_lyrical/install/rosbag2_storage_mcap:/home/cjson/ros2_lyrical/install/rosbag2_compression_zstd:/home/cjson/ros2_lyrical/install/mcap_vendor:/home/cjson/ros2_lyrical/install/zstd_cmake_module:/home/cjson/ros2_lyrical/install/zenoh_security_tools:/home/cjson/ros2_lyrical/install/turtlesim:/home/cjson/ros2_lyrical/install/topic_statistics_demo:/home/cjson/ros2_lyrical/install/pendulum_control:/home/cjson/ros2_lyrical/install/tlsf_cpp:/home/cjson/ros2_lyrical/install/geometry2:/home/cjson/ros2_lyrical/install/tf2_sensor_msgs:/home/cjson/ros2_lyrical/install/test_tf2:/home/cjson/ros2_lyrical/install/tf2_kdl:/home/cjson/ros2_lyrical/install/dummy_robot_bringup:/home/cjson/ros2_lyrical/install/rviz2:/home/cjson/ros2_lyrical/install/rviz_default_plugins:/home/cjson/ros2_lyrical/install/interactive_markers:/home/cjson/ros2_lyrical/install/tf2_geometry_msgs:/home/cjson/ros2_lyrical/install/tf2_eigen:/home/cjson/ros2_lyrical/install/tf2_bullet:/home/cjson/ros2_lyrical/install/rviz_visual_testing_framework:/home/cjson/ros2_lyrical/install/rviz_common:/home/cjson/ros2_lyrical/install/robot_state_publisher:/home/cjson/ros2_lyrical/install/tf2_ros:/home/cjson/ros2_lyrical/install/tf2_py:/home/cjson/ros2_lyrical/install/test_tracetools:/home/cjson/ros2_lyrical/install/test_rosidl_buffer:/home/cjson/ros2_lyrical/install/sros2_cmake:/home/cjson/ros2_lyrical/install/ros2cli_common_extensions:/home/cjson/ros2_lyrical/install/rqt_py_common:/home/cjson/ros2_lyrical/install/rqt_gui_cpp:/home/cjson/ros2_lyrical/install/rosbag2_performance_benchmarking:/home/cjson/ros2_lyrical/install/rosbag2_py:/home/cjson/ros2_lyrical/install/rosbag2_examples_cpp:/home/cjson/ros2_lyrical/install/rosbag2_transport:/home/cjson/ros2_lyrical/install/rosbag2_test_common:/home/cjson/ros2_lyrical/install/rosbag2_storage_sqlite3:/home/cjson/ros2_lyrical/install/rosbag2_compression:/home/cjson/ros2_lyrical/install/rosbag2_cpp:/home/cjson/ros2_lyrical/install/rosbag2_storage:/home/cjson/ros2_lyrical/install/ros_testing:/home/cjson/ros2_lyrical/install/ros2lifecycle_test_fixtures:/home/cjson/ros2_lyrical/install/resource_retriever_service_plugin:/home/cjson/ros2_lyrical/install/resource_retriever_service:/home/cjson/ros2_lyrical/install/quality_of_service_demo_cpp:/home/cjson/ros2_lyrical/install/point_cloud_transport_py:/home/cjson/ros2_lyrical/install/point_cloud_transport:/home/cjson/ros2_lyrical/install/image_transport_py:/home/cjson/ros2_lyrical/install/image_common:/home/cjson/ros2_lyrical/install/image_transport:/home/cjson/ros2_lyrical/install/message_filters:/home/cjson/ros2_lyrical/install/demo_nodes_cpp:/home/cjson/ros2_lyrical/install/composition:/home/cjson/ros2_lyrical/install/laser_geometry:/home/cjson/ros2_lyrical/install/rclpy:/home/cjson/ros2_lyrical/install/lifecycle:/home/cjson/ros2_lyrical/install/camera_info_manager:/home/cjson/ros2_lyrical/install/rclcpp_lifecycle:/home/cjson/ros2_lyrical/install/logging_demo:/home/cjson/ros2_lyrical/install/image_tools:/home/cjson/ros2_lyrical/install/examples_rclcpp_wait_set:/home/cjson/ros2_lyrical/install/examples_rclcpp_minimal_subscriber:/home/cjson/ros2_lyrical/install/examples_rclcpp_minimal_composition:/home/cjson/ros2_lyrical/install/demo_nodes_cpp_native:/home/cjson/ros2_lyrical/install/action_tutorials_cpp:/home/cjson/ros2_lyrical/install/rclcpp_components:/home/cjson/ros2_lyrical/install/examples_rclcpp_minimal_action_server:/home/cjson/ros2_lyrical/install/examples_rclcpp_minimal_action_client:/home/cjson/ros2_lyrical/install/rclcpp_action:/home/cjson/ros2_lyrical/install/intra_process_demo:/home/cjson/ros2_lyrical/install/examples_rclcpp_multithreaded_executor:/home/cjson/ros2_lyrical/install/examples_rclcpp_minimal_timer:/home/cjson/ros2_lyrical/install/examples_rclcpp_minimal_service:/home/cjson/ros2_lyrical/install/examples_rclcpp_minimal_publisher:/home/cjson/ros2_lyrical/install/examples_rclcpp_minimal_client:/home/cjson/ros2_lyrical/install/examples_rclcpp_cbg_executor:/home/cjson/ros2_lyrical/install/examples_rclcpp_async_client:/home/cjson/ros2_lyrical/install/dummy_sensors:/home/cjson/ros2_lyrical/install/dummy_map_server:/home/cjson/ros2_lyrical/install/camera_calibration_parsers:/home/cjson/ros2_lyrical/install/rclcpp:/home/cjson/ros2_lyrical/install/rcl_lifecycle:/home/cjson/ros2_lyrical/install/rcl_action:/home/cjson/ros2_lyrical/install/libstatistics_collector:/home/cjson/ros2_lyrical/install/rcl:/home/cjson/ros2_lyrical/install/rmw_implementation:/home/cjson/ros2_lyrical/install/rmw_zenoh_cpp:/home/cjson/ros2_lyrical/install/zenoh_cpp_vendor:/home/cjson/ros2_lyrical/install/yaml_cpp_vendor:/home/cjson/ros2_lyrical/install/common_interfaces:/home/cjson/ros2_lyrical/install/visualization_msgs:/home/cjson/ros2_lyrical/install/kdl_parser:/home/cjson/ros2_lyrical/install/urdf:/home/cjson/ros2_lyrical/install/urdfdom:/home/cjson/ros2_lyrical/install/urdf_parser_plugin:/home/cjson/ros2_lyrical/install/urdfdom_headers:/home/cjson/ros2_lyrical/install/turtlesim_msgs:/home/cjson/ros2_lyrical/install/trajectory_msgs:/home/cjson/ros2_lyrical/install/tf2_msgs:/home/cjson/ros2_lyrical/install/tf2_eigen_kdl:/home/cjson/ros2_lyrical/install/tf2:/home/cjson/ros2_lyrical/install/test_msgs:/home/cjson/ros2_lyrical/install/test_communication:/home/cjson/ros2_lyrical/install/stereo_msgs:/home/cjson/ros2_lyrical/install/std_srvs:/home/cjson/ros2_lyrical/install/shape_msgs:/home/cjson/ros2_lyrical/install/map_msgs:/home/cjson/ros2_lyrical/install/sensor_msgs:/home/cjson/ros2_lyrical/install/nav_msgs:/home/cjson/ros2_lyrical/install/diagnostic_msgs:/home/cjson/ros2_lyrical/install/geometry_msgs:/home/cjson/ros2_lyrical/install/std_msgs:/home/cjson/ros2_lyrical/install/statistics_msgs:/home/cjson/ros2_lyrical/install/rosgraph_msgs:/home/cjson/ros2_lyrical/install/rosbag2_performance_benchmarking_msgs:/home/cjson/ros2_lyrical/install/rosbag2_interfaces:/home/cjson/ros2_lyrical/install/ros2cli_test_interfaces:/home/cjson/ros2_lyrical/install/rmw_fastrtps_dynamic_cpp:/home/cjson/ros2_lyrical/install/rmw_fastrtps_cpp:/home/cjson/ros2_lyrical/install/rmw_fastrtps_shared_cpp:/home/cjson/ros2_lyrical/install/rmw_cyclonedds_cpp:/home/cjson/ros2_lyrical/install/rmw_connextddsmicro:/home/cjson/ros2_lyrical/install/rmw_connextdds:/home/cjson/ros2_lyrical/install/rmw_connextdds_common:/home/cjson/ros2_lyrical/install/rmw_dds_common:/home/cjson/ros2_lyrical/install/resource_retriever_interfaces:/home/cjson/ros2_lyrical/install/composition_interfaces:/home/cjson/ros2_lyrical/install/rcl_interfaces:/home/cjson/ros2_lyrical/install/pendulum_msgs:/home/cjson/ros2_lyrical/install/lifecycle_msgs:/home/cjson/ros2_lyrical/install/example_interfaces:/home/cjson/ros2_lyrical/install/rosidl_default_runtime:/home/cjson/ros2_lyrical/install/rosidl_default_generators:/home/cjson/ros2_lyrical/install/action_msgs:/home/cjson/ros2_lyrical/install/unique_identifier_msgs:/home/cjson/ros2_lyrical/install/type_description_interfaces:/home/cjson/ros2_lyrical/install/service_msgs:/home/cjson/ros2_lyrical/install/builtin_interfaces:/home/cjson/ros2_lyrical/install/rosidl_core_runtime:/home/cjson/ros2_lyrical/install/rosidl_core_generators:/home/cjson/ros2_lyrical/install/rosidl_generator_py:/home/cjson/ros2_lyrical/install/ament_lint_common:/home/cjson/ros2_lyrical/install/ament_cmake_uncrustify:/home/cjson/ros2_lyrical/install/uncrustify_vendor:/home/cjson/ros2_lyrical/install/tracetools:/home/cjson/ros2_lyrical/install/tlsf:/home/cjson/ros2_lyrical/install/test_security:/home/cjson/ros2_lyrical/install/test_rmw_zenoh_cpp:/home/cjson/ros2_lyrical/install/test_rmw_implementation:/home/cjson/ros2_lyrical/install/test_rclcpp:/home/cjson/ros2_lyrical/install/test_quality_of_service:/home/cjson/ros2_lyrical/install/test_launch_testing:/home/cjson/ros2_lyrical/install/test_interface_files:/home/cjson/ros2_lyrical/install/test_cli_remapping:/home/cjson/ros2_lyrical/install/test_cli:/home/cjson/ros2_lyrical/install/qt_gui_core:/home/cjson/ros2_lyrical/install/qt_gui_cpp:/home/cjson/ros2_lyrical/install/qt_gui_app:/home/cjson/ros2_lyrical/install/qt_gui:/home/cjson/ros2_lyrical/install/tango_icons_vendor:/home/cjson/ros2_lyrical/install/rcl_logging_implementation:/home/cjson/ros2_lyrical/install/rcl_logging_spdlog:/home/cjson/ros2_lyrical/install/gz_math_vendor/opt/gz_math_vendor:/home/cjson/ros2_lyrical/install/gz_math_vendor:/home/cjson/ros2_lyrical/install/gz_utils_vendor/opt/gz_utils_vendor:/home/cjson/ros2_lyrical/install/gz_utils_vendor:/home/cjson/ros2_lyrical/install/spdlog_vendor:/home/cjson/ros2_lyrical/install/rviz_rendering_tests:/home/cjson/ros2_lyrical/install/rviz_rendering:/home/cjson/ros2_lyrical/install/rviz_ogre_vendor:/home/cjson/ros2_lyrical/install/rttest:/home/cjson/ros2_lyrical/install/rti_connext_dds_cmake_module:/home/cjson/ros2_lyrical/install/ament_cmake_ros:/home/cjson/ros2_lyrical/install/rmw_test_fixture_implementation:/home/cjson/ros2_lyrical/install/lttngpy:/home/cjson/ros2_lyrical/install/rosidl_typesupport_tests:/home/cjson/ros2_lyrical/install/rosidl_typesupport_introspection_tests:/home/cjson/ros2_lyrical/install/rosidl_typesupport_cpp:/home/cjson/ros2_lyrical/install/rosidl_typesupport_introspection_cpp:/home/cjson/ros2_lyrical/install/rosidl_generator_rs:/home/cjson/ros2_lyrical/install/rosidl_typesupport_c:/home/cjson/ros2_lyrical/install/rosidl_typesupport_introspection_c:/home/cjson/ros2_lyrical/install/rosidl_typesupport_fastrtps_c:/home/cjson/ros2_lyrical/install/rosidl_typesupport_fastrtps_cpp:/home/cjson/ros2_lyrical/install/rosidl_generator_cpp:/home/cjson/ros2_lyrical/install/rosidl_buffer_backend_registry:/home/cjson/ros2_lyrical/install/rosidl_runtime_cpp:/home/cjson/ros2_lyrical/install/rosidl_dynamic_typesupport_fastrtps:/home/cjson/ros2_lyrical/install/rosidl_buffer_backend:/home/cjson/ros2_lyrical/install/rmw_test_fixture:/home/cjson/ros2_lyrical/install/rmw_security_common:/home/cjson/ros2_lyrical/install/rcl_yaml_param_parser:/home/cjson/ros2_lyrical/install/rmw:/home/cjson/ros2_lyrical/install/rosidl_dynamic_typesupport:/home/cjson/ros2_lyrical/install/rosidl_runtime_c:/home/cjson/ros2_lyrical/install/rosidl_generator_c:/home/cjson/ros2_lyrical/install/rosidl_typesupport_interface:/home/cjson/ros2_lyrical/install/rosidl_generator_dds_idl:/home/cjson/ros2_lyrical/install/rosidl_cmake:/home/cjson/ros2_lyrical/install/rosidl_generator_type_description:/home/cjson/ros2_lyrical/install/rosidl_parser:/home/cjson/ros2_lyrical/install/rosidl_generator_tests:/home/cjson/ros2_lyrical/install/rosidl_adapter:/home/cjson/ros2_lyrical/install/rosidl_buffer_py:/home/cjson/ros2_lyrical/install/rosidl_buffer:/home/cjson/ros2_lyrical/install/rosbag2_tests:/home/cjson/ros2_lyrical/install/rosbag2_test_msgdefs:/home/cjson/ros2_lyrical/install/ros_environment:/home/cjson/ros2_lyrical/install/rmw_implementation_cmake:/home/cjson/ros2_lyrical/install/resource_retriever:/home/cjson/ros2_lyrical/install/pluginlib:/home/cjson/ros2_lyrical/install/class_loader:/home/cjson/ros2_lyrical/install/rcpputils:/home/cjson/ros2_lyrical/install/rcl_logging_noop:/home/cjson/ros2_lyrical/install/rcl_logging_interface:/home/cjson/ros2_lyrical/install/rcutils:/home/cjson/ros2_lyrical/install/qt_gui_py_common:/home/cjson/ros2_lyrical/install/python_qt_binding:/home/cjson/ros2_lyrical/install/performance_test_fixture:/home/cjson/ros2_lyrical/install/osrf_testing_tools_cpp:/home/cjson/ros2_lyrical/install/mimick_vendor:/home/cjson/ros2_lyrical/install/lz4_cmake_module:/home/cjson/ros2_lyrical/install/libyaml_vendor:/home/cjson/ros2_lyrical/install/launch_testing_ament_cmake:/home/cjson/ros2_lyrical/install/keyboard_handler:/home/cjson/ros2_lyrical/install/iceoryx_introspection:/home/cjson/ros2_lyrical/install/cyclonedds:/home/cjson/ros2_lyrical/install/iceoryx_posh:/home/cjson/ros2_lyrical/install/iceoryx_hoofs:/home/cjson/ros2_lyrical/install/iceoryx_binding_c:/home/cjson/ros2_lyrical/install/gz_cmake_vendor/opt/gz_cmake_vendor:/home/cjson/ros2_lyrical/install/gz_cmake_vendor:/home/cjson/ros2_lyrical/install/gmock_vendor:/home/cjson/ros2_lyrical/install/gtest_vendor:/home/cjson/ros2_lyrical/install/ament_cmake_google_benchmark:/home/cjson/ros2_lyrical/install/google_benchmark_vendor:/home/cjson/ros2_lyrical/install/fastdds:/home/cjson/ros2_lyrical/install/foonathan_memory_vendor:/home/cjson/ros2_lyrical/install/fastcdr:/home/cjson/ros2_lyrical/install/eigen3_cmake_module:/home/cjson/ros2_lyrical/install/console_bridge_vendor:/home/cjson/ros2_lyrical/install/ament_cmake_xmllint:/home/cjson/ros2_lyrical/install/ament_cmake_pyflakes:/home/cjson/ros2_lyrical/install/ament_cmake_pycodestyle:/home/cjson/ros2_lyrical/install/ament_cmake_pep257:/home/cjson/ros2_lyrical/install/ament_cmake_pclint:/home/cjson/ros2_lyrical/install/ament_lint_auto:/home/cjson/ros2_lyrical/install/ament_cmake_auto:/home/cjson/ros2_lyrical/install/ament_cmake:/home/cjson/ros2_lyrical/install/ament_cmake_version:/home/cjson/ros2_lyrical/install/ament_cmake_vendor_package:/home/cjson/ros2_lyrical/install/ament_cmake_pytest:/home/cjson/ros2_lyrical/install/ament_cmake_mypy:/home/cjson/ros2_lyrical/install/ament_cmake_lint_cmake:/home/cjson/ros2_lyrical/install/ament_cmake_gmock:/home/cjson/ros2_lyrical/install/ament_cmake_gtest:/home/cjson/ros2_lyrical/install/ament_cmake_flake8:/home/cjson/ros2_lyrical/install/ament_cmake_cpplint:/home/cjson/ros2_lyrical/install/ament_cmake_cppcheck:/home/cjson/ros2_lyrical/install/ament_cmake_copyright:/home/cjson/ros2_lyrical/install/ament_cmake_clang_tidy:/home/cjson/ros2_lyrical/install/ament_cmake_clang_format:/home/cjson/ros2_lyrical/install/ament_cmake_test:/home/cjson/ros2_lyrical/install/ament_cmake_target_dependencies:/home/cjson/ros2_lyrical/install/ament_cmake_ros_core:/home/cjson/ros2_lyrical/install/ament_cmake_python_test:/home/cjson/ros2_lyrical/install/ament_cmake_python:/home/cjson/ros2_lyrical/install/ament_cmake_export_dependencies:/home/cjson/ros2_lyrical/install/ament_cmake_libraries:/home/cjson/ros2_lyrical/install/ament_cmake_include_directories:/home/cjson/ros2_lyrical/install/ament_cmake_gen_version_h:/home/cjson/ros2_lyrical/install/ament_cmake_export_targets:/home/cjson/ros2_lyrical/install/ament_cmake_export_link_flags:/home/cjson/ros2_lyrical/install/ament_cmake_export_libraries:/home/cjson/ros2_lyrical/install/ament_cmake_export_include_directories:/home/cjson/ros2_lyrical/install/ament_cmake_export_definitions:/home/cjson/ros2_lyrical/install/ament_cmake_core:/home/cjson/ros2_lyrical/install/ament_index_cpp:/opt/ros/lyrical:/home/cjson/ros2_lyrical/install/rqt_bag_plugins:/home/cjson/ros2_lyrical/install/launch_testing_examples:/home/cjson/ros2_lyrical/install/ros2bag:/home/cjson/ros2_lyrical/install/tracetools_test:/home/cjson/ros2_lyrical/install/tracetools_launch:/home/cjson/ros2_lyrical/install/topic_monitor:/home/cjson/ros2_lyrical/install/tf2_tools:/home/cjson/ros2_lyrical/install/examples_tf2_py:/home/cjson/ros2_lyrical/install/tf2_ros_py:/home/cjson/ros2_lyrical/install/sros2:/home/cjson/ros2_lyrical/install/rqt_topic:/home/cjson/ros2_lyrical/install/rqt_srv:/home/cjson/ros2_lyrical/install/rqt_shell:/home/cjson/ros2_lyrical/install/rqt_service_caller:/home/cjson/ros2_lyrical/install/rqt_reconfigure:/home/cjson/ros2_lyrical/install/rqt_py_console:/home/cjson/ros2_lyrical/install/rqt_publisher:/home/cjson/ros2_lyrical/install/rqt_plot:/home/cjson/ros2_lyrical/install/rqt_action:/home/cjson/ros2_lyrical/install/rqt_msg:/home/cjson/ros2_lyrical/install/rqt_console:/home/cjson/ros2_lyrical/install/rqt:/home/cjson/ros2_lyrical/install/rqt_graph:/home/cjson/ros2_lyrical/install/rqt_bag:/home/cjson/ros2_lyrical/install/rqt_gui_py:/home/cjson/ros2_lyrical/install/rqt_gui:/home/cjson/ros2_lyrical/install/rosbag2_examples_py:/home/cjson/ros2_lyrical/install/ros2trace:/home/cjson/ros2_lyrical/install/ros2topic:/home/cjson/ros2_lyrical/install/ros2test:/home/cjson/ros2_lyrical/install/ros2component:/home/cjson/ros2_lyrical/install/ros2param:/home/cjson/ros2_lyrical/install/ros2lifecycle:/home/cjson/ros2_lyrical/install/ros2service:/home/cjson/ros2_lyrical/install/ros2run:/home/cjson/ros2_lyrical/install/ros2plugin:/home/cjson/ros2_lyrical/install/ros2launch:/home/cjson/ros2_lyrical/install/ros2pkg:/home/cjson/ros2_lyrical/install/ros2node:/home/cjson/ros2_lyrical/install/ros2multicast:/home/cjson/ros2_lyrical/install/ros2interface:/home/cjson/ros2_lyrical/install/ros2doctor:/home/cjson/ros2_lyrical/install/ros2action:/home/cjson/ros2_lyrical/install/ros2cli:/home/cjson/ros2_lyrical/install/quality_of_service_demo_py:/home/cjson/ros2_lyrical/install/lifecycle_py:/home/cjson/ros2_lyrical/install/launch_testing_ros:/home/cjson/ros2_lyrical/install/launch_ros:/home/cjson/ros2_lyrical/install/examples_rclpy_pointcloud_publisher:/home/cjson/ros2_lyrical/install/examples_rclpy_minimal_subscriber:/home/cjson/ros2_lyrical/install/examples_rclpy_minimal_service:/home/cjson/ros2_lyrical/install/examples_rclpy_minimal_publisher:/home/cjson/ros2_lyrical/install/examples_rclpy_minimal_client:/home/cjson/ros2_lyrical/install/examples_rclpy_minimal_action_server:/home/cjson/ros2_lyrical/install/examples_rclpy_minimal_action_client:/home/cjson/ros2_lyrical/install/examples_rclpy_guard_conditions:/home/cjson/ros2_lyrical/install/examples_rclpy_executors:/home/cjson/ros2_lyrical/install/demo_nodes_py:/home/cjson/ros2_lyrical/install/camera_info_manager_py:/home/cjson/ros2_lyrical/install/action_tutorials_py:/home/cjson/ros2_lyrical/install/sensor_msgs_py:/home/cjson/ros2_lyrical/install/ament_uncrustify:/home/cjson/ros2_lyrical/install/tracetools_trace:/home/cjson/ros2_lyrical/install/tracetools_read:/home/cjson/ros2_lyrical/install/test_tracetools_launch:/home/cjson/ros2_lyrical/install/test_ros2trace:/home/cjson/ros2_lyrical/install/test_launch_ros:/home/cjson/ros2_lyrical/install/rpyutils:/home/cjson/ros2_lyrical/install/rosidl_runtime_py:/home/cjson/ros2_lyrical/install/rosidl_pycommon:/home/cjson/ros2_lyrical/install/rosidl_cli:/home/cjson/ros2_lyrical/install/qt_dotgraph:/home/cjson/ros2_lyrical/install/launch_pytest:/home/cjson/ros2_lyrical/install/launch_testing:/home/cjson/ros2_lyrical/install/launch_yaml:/home/cjson/ros2_lyrical/install/launch_xml:/home/cjson/ros2_lyrical/install/launch:/home/cjson/ros2_lyrical/install/domain_coordinator:/home/cjson/ros2_lyrical/install/ament_xmllint:/home/cjson/ros2_lyrical/install/ament_pyflakes:/home/cjson/ros2_lyrical/install/ament_pycodestyle:/home/cjson/ros2_lyrical/install/ament_pep257:/home/cjson/ros2_lyrical/install/ament_pclint:/home/cjson/ros2_lyrical/install/ament_package:/home/cjson/ros2_lyrical/install/ament_mypy:/home/cjson/ros2_lyrical/install/ament_lint_cmake:/home/cjson/ros2_lyrical/install/ament_flake8:/home/cjson/ros2_lyrical/install/ament_copyright:/home/cjson/ros2_lyrical/install/ament_lint:/home/cjson/ros2_lyrical/install/ament_index_python:/home/cjson/ros2_lyrical/install/ament_cpplint:/home/cjson/ros2_lyrical/install/ament_cppcheck:/home/cjson/ros2_lyrical/install/ament_clang_tidy:/home/cjson/ros2_lyrical/install/ament_clang_format LD_LIBRARY_PATH=/home/cjson/project/ROS_BEGINNING/install/turtlesim_msgs/lib:${LD_LIBRARY_PATH} PYTHONPATH=/home/cjson/project/ROS_BEGINNING/install/turtlesim_msgs/lib/python3.14/site-packages:${PYTHONPATH} /usr/bin/cmake --install /home/cjson/project/ROS_BEGINNING/build/turtlesim
[-1785552972268873984.000s] Level 1:colcon.colcon_core.environment:create_environment_scripts_only(turtlesim)
[-1785552972268873984.000s] Level 1:colcon.colcon_core.environment:checking '/home/cjson/project/ROS_BEGINNING/install/turtlesim' for CMake module files
[-1785552972268873984.000s] DEBUG:colcon.colcon_core.event_handler.log_command:Invoked command in '/home/cjson/project/ROS_BEGINNING/build/turtlesim' returned '0': AMENT_PREFIX_PATH=/home/cjson/project/ROS_BEGINNING/install/turtlesim_msgs:${AMENT_PREFIX_PATH} CMAKE_PREFIX_PATH=/home/cjson/project/ROS_BEGINNING/install/turtlesim_msgs:/home/cjson/ros2_lyrical/install/rosbag2:/home/cjson/ros2_lyrical/install/rosbag2_storage_default_plugins:/home/cjson/ros2_lyrical/install/rosbag2_storage_mcap:/home/cjson/ros2_lyrical/install/rosbag2_compression_zstd:/home/cjson/ros2_lyrical/install/mcap_vendor:/home/cjson/ros2_lyrical/install/zstd_cmake_module:/home/cjson/ros2_lyrical/install/zenoh_security_tools:/home/cjson/ros2_lyrical/install/turtlesim:/home/cjson/ros2_lyrical/install/topic_statistics_demo:/home/cjson/ros2_lyrical/install/pendulum_control:/home/cjson/ros2_lyrical/install/tlsf_cpp:/home/cjson/ros2_lyrical/install/geometry2:/home/cjson/ros2_lyrical/install/tf2_sensor_msgs:/home/cjson/ros2_lyrical/install/test_tf2:/home/cjson/ros2_lyrical/install/tf2_kdl:/home/cjson/ros2_lyrical/install/dummy_robot_bringup:/home/cjson/ros2_lyrical/install/rviz2:/home/cjson/ros2_lyrical/install/rviz_default_plugins:/home/cjson/ros2_lyrical/install/interactive_markers:/home/cjson/ros2_lyrical/install/tf2_geometry_msgs:/home/cjson/ros2_lyrical/install/tf2_eigen:/home/cjson/ros2_lyrical/install/tf2_bullet:/home/cjson/ros2_lyrical/install/rviz_visual_testing_framework:/home/cjson/ros2_lyrical/install/rviz_common:/home/cjson/ros2_lyrical/install/robot_state_publisher:/home/cjson/ros2_lyrical/install/tf2_ros:/home/cjson/ros2_lyrical/install/tf2_py:/home/cjson/ros2_lyrical/install/test_tracetools:/home/cjson/ros2_lyrical/install/test_rosidl_buffer:/home/cjson/ros2_lyrical/install/sros2_cmake:/home/cjson/ros2_lyrical/install/ros2cli_common_extensions:/home/cjson/ros2_lyrical/install/rqt_py_common:/home/cjson/ros2_lyrical/install/rqt_gui_cpp:/home/cjson/ros2_lyrical/install/rosbag2_performance_benchmarking:/home/cjson/ros2_lyrical/install/rosbag2_py:/home/cjson/ros2_lyrical/install/rosbag2_examples_cpp:/home/cjson/ros2_lyrical/install/rosbag2_transport:/home/cjson/ros2_lyrical/install/rosbag2_test_common:/home/cjson/ros2_lyrical/install/rosbag2_storage_sqlite3:/home/cjson/ros2_lyrical/install/rosbag2_compression:/home/cjson/ros2_lyrical/install/rosbag2_cpp:/home/cjson/ros2_lyrical/install/rosbag2_storage:/home/cjson/ros2_lyrical/install/ros_testing:/home/cjson/ros2_lyrical/install/ros2lifecycle_test_fixtures:/home/cjson/ros2_lyrical/install/resource_retriever_service_plugin:/home/cjson/ros2_lyrical/install/resource_retriever_service:/home/cjson/ros2_lyrical/install/quality_of_service_demo_cpp:/home/cjson/ros2_lyrical/install/point_cloud_transport_py:/home/cjson/ros2_lyrical/install/point_cloud_transport:/home/cjson/ros2_lyrical/install/image_transport_py:/home/cjson/ros2_lyrical/install/image_common:/home/cjson/ros2_lyrical/install/image_transport:/home/cjson/ros2_lyrical/install/message_filters:/home/cjson/ros2_lyrical/install/demo_nodes_cpp:/home/cjson/ros2_lyrical/install/composition:/home/cjson/ros2_lyrical/install/laser_geometry:/home/cjson/ros2_lyrical/install/rclpy:/home/cjson/ros2_lyrical/install/lifecycle:/home/cjson/ros2_lyrical/install/camera_info_manager:/home/cjson/ros2_lyrical/install/rclcpp_lifecycle:/home/cjson/ros2_lyrical/install/logging_demo:/home/cjson/ros2_lyrical/install/image_tools:/home/cjson/ros2_lyrical/install/examples_rclcpp_wait_set:/home/cjson/ros2_lyrical/install/examples_rclcpp_minimal_subscriber:/home/cjson/ros2_lyrical/install/examples_rclcpp_minimal_composition:/home/cjson/ros2_lyrical/install/demo_nodes_cpp_native:/home/cjson/ros2_lyrical/install/action_tutorials_cpp:/home/cjson/ros2_lyrical/install/rclcpp_components:/home/cjson/ros2_lyrical/install/examples_rclcpp_minimal_action_server:/home/cjson/ros2_lyrical/install/examples_rclcpp_minimal_action_client:/home/cjson/ros2_lyrical/install/rclcpp_action:/home/cjson/ros2_lyrical/install/intra_process_demo:/home/cjson/ros2_lyrical/install/examples_rclcpp_multithreaded_executor:/home/cjson/ros2_lyrical/install/examples_rclcpp_minimal_timer:/home/cjson/ros2_lyrical/install/examples_rclcpp_minimal_service:/home/cjson/ros2_lyrical/install/examples_rclcpp_minimal_publisher:/home/cjson/ros2_lyrical/install/examples_rclcpp_minimal_client:/home/cjson/ros2_lyrical/install/examples_rclcpp_cbg_executor:/home/cjson/ros2_lyrical/install/examples_rclcpp_async_client:/home/cjson/ros2_lyrical/install/dummy_sensors:/home/cjson/ros2_lyrical/install/dummy_map_server:/home/cjson/ros2_lyrical/install/camera_calibration_parsers:/home/cjson/ros2_lyrical/install/rclcpp:/home/cjson/ros2_lyrical/install/rcl_lifecycle:/home/cjson/ros2_lyrical/install/rcl_action:/home/cjson/ros2_lyrical/install/libstatistics_collector:/home/cjson/ros2_lyrical/install/rcl:/home/cjson/ros2_lyrical/install/rmw_implementation:/home/cjson/ros2_lyrical/install/rmw_zenoh_cpp:/home/cjson/ros2_lyrical/install/zenoh_cpp_vendor:/home/cjson/ros2_lyrical/install/yaml_cpp_vendor:/home/cjson/ros2_lyrical/install/common_interfaces:/home/cjson/ros2_lyrical/install/visualization_msgs:/home/cjson/ros2_lyrical/install/kdl_parser:/home/cjson/ros2_lyrical/install/urdf:/home/cjson/ros2_lyrical/install/urdfdom:/home/cjson/ros2_lyrical/install/urdf_parser_plugin:/home/cjson/ros2_lyrical/install/urdfdom_headers:/home/cjson/ros2_lyrical/install/turtlesim_msgs:/home/cjson/ros2_lyrical/install/trajectory_msgs:/home/cjson/ros2_lyrical/install/tf2_msgs:/home/cjson/ros2_lyrical/install/tf2_eigen_kdl:/home/cjson/ros2_lyrical/install/tf2:/home/cjson/ros2_lyrical/install/test_msgs:/home/cjson/ros2_lyrical/install/test_communication:/home/cjson/ros2_lyrical/install/stereo_msgs:/home/cjson/ros2_lyrical/install/std_srvs:/home/cjson/ros2_lyrical/install/shape_msgs:/home/cjson/ros2_lyrical/install/map_msgs:/home/cjson/ros2_lyrical/install/sensor_msgs:/home/cjson/ros2_lyrical/install/nav_msgs:/home/cjson/ros2_lyrical/install/diagnostic_msgs:/home/cjson/ros2_lyrical/install/geometry_msgs:/home/cjson/ros2_lyrical/install/std_msgs:/home/cjson/ros2_lyrical/install/statistics_msgs:/home/cjson/ros2_lyrical/install/rosgraph_msgs:/home/cjson/ros2_lyrical/install/rosbag2_performance_benchmarking_msgs:/home/cjson/ros2_lyrical/install/rosbag2_interfaces:/home/cjson/ros2_lyrical/install/ros2cli_test_interfaces:/home/cjson/ros2_lyrical/install/rmw_fastrtps_dynamic_cpp:/home/cjson/ros2_lyrical/install/rmw_fastrtps_cpp:/home/cjson/ros2_lyrical/install/rmw_fastrtps_shared_cpp:/home/cjson/ros2_lyrical/install/rmw_cyclonedds_cpp:/home/cjson/ros2_lyrical/install/rmw_connextddsmicro:/home/cjson/ros2_lyrical/install/rmw_connextdds:/home/cjson/ros2_lyrical/install/rmw_connextdds_common:/home/cjson/ros2_lyrical/install/rmw_dds_common:/home/cjson/ros2_lyrical/install/resource_retriever_interfaces:/home/cjson/ros2_lyrical/install/composition_interfaces:/home/cjson/ros2_lyrical/install/rcl_interfaces:/home/cjson/ros2_lyrical/install/pendulum_msgs:/home/cjson/ros2_lyrical/install/lifecycle_msgs:/home/cjson/ros2_lyrical/install/example_interfaces:/home/cjson/ros2_lyrical/install/rosidl_default_runtime:/home/cjson/ros2_lyrical/install/rosidl_default_generators:/home/cjson/ros2_lyrical/install/action_msgs:/home/cjson/ros2_lyrical/install/unique_identifier_msgs:/home/cjson/ros2_lyrical/install/type_description_interfaces:/home/cjson/ros2_lyrical/install/service_msgs:/home/cjson/ros2_lyrical/install/builtin_interfaces:/home/cjson/ros2_lyrical/install/rosidl_core_runtime:/home/cjson/ros2_lyrical/install/rosidl_core_generators:/home/cjson/ros2_lyrical/install/rosidl_generator_py:/home/cjson/ros2_lyrical/install/ament_lint_common:/home/cjson/ros2_lyrical/install/ament_cmake_uncrustify:/home/cjson/ros2_lyrical/install/uncrustify_vendor:/home/cjson/ros2_lyrical/install/tracetools:/home/cjson/ros2_lyrical/install/tlsf:/home/cjson/ros2_lyrical/install/test_security:/home/cjson/ros2_lyrical/install/test_rmw_zenoh_cpp:/home/cjson/ros2_lyrical/install/test_rmw_implementation:/home/cjson/ros2_lyrical/install/test_rclcpp:/home/cjson/ros2_lyrical/install/test_quality_of_service:/home/cjson/ros2_lyrical/install/test_launch_testing:/home/cjson/ros2_lyrical/install/test_interface_files:/home/cjson/ros2_lyrical/install/test_cli_remapping:/home/cjson/ros2_lyrical/install/test_cli:/home/cjson/ros2_lyrical/install/qt_gui_core:/home/cjson/ros2_lyrical/install/qt_gui_cpp:/home/cjson/ros2_lyrical/install/qt_gui_app:/home/cjson/ros2_lyrical/install/qt_gui:/home/cjson/ros2_lyrical/install/tango_icons_vendor:/home/cjson/ros2_lyrical/install/rcl_logging_implementation:/home/cjson/ros2_lyrical/install/rcl_logging_spdlog:/home/cjson/ros2_lyrical/install/gz_math_vendor/opt/gz_math_vendor:/home/cjson/ros2_lyrical/install/gz_math_vendor:/home/cjson/ros2_lyrical/install/gz_utils_vendor/opt/gz_utils_vendor:/home/cjson/ros2_lyrical/install/gz_utils_vendor:/home/cjson/ros2_lyrical/install/spdlog_vendor:/home/cjson/ros2_lyrical/install/rviz_rendering_tests:/home/cjson/ros2_lyrical/install/rviz_rendering:/home/cjson/ros2_lyrical/install/rviz_ogre_vendor:/home/cjson/ros2_lyrical/install/rttest:/home/cjson/ros2_lyrical/install/rti_connext_dds_cmake_module:/home/cjson/ros2_lyrical/install/ament_cmake_ros:/home/cjson/ros2_lyrical/install/rmw_test_fixture_implementation:/home/cjson/ros2_lyrical/install/lttngpy:/home/cjson/ros2_lyrical/install/rosidl_typesupport_tests:/home/cjson/ros2_lyrical/install/rosidl_typesupport_introspection_tests:/home/cjson/ros2_lyrical/install/rosidl_typesupport_cpp:/home/cjson/ros2_lyrical/install/rosidl_typesupport_introspection_cpp:/home/cjson/ros2_lyrical/install/rosidl_generator_rs:/home/cjson/ros2_lyrical/install/rosidl_typesupport_c:/home/cjson/ros2_lyrical/install/rosidl_typesupport_introspection_c:/home/cjson/ros2_lyrical/install/rosidl_typesupport_fastrtps_c:/home/cjson/ros2_lyrical/install/rosidl_typesupport_fastrtps_cpp:/home/cjson/ros2_lyrical/install/rosidl_generator_cpp:/home/cjson/ros2_lyrical/install/rosidl_buffer_backend_registry:/home/cjson/ros2_lyrical/install/rosidl_runtime_cpp:/home/cjson/ros2_lyrical/install/rosidl_dynamic_typesupport_fastrtps:/home/cjson/ros2_lyrical/install/rosidl_buffer_backend:/home/cjson/ros2_lyrical/install/rmw_test_fixture:/home/cjson/ros2_lyrical/install/rmw_security_common:/home/cjson/ros2_lyrical/install/rcl_yaml_param_parser:/home/cjson/ros2_lyrical/install/rmw:/home/cjson/ros2_lyrical/install/rosidl_dynamic_typesupport:/home/cjson/ros2_lyrical/install/rosidl_runtime_c:/home/cjson/ros2_lyrical/install/rosidl_generator_c:/home/cjson/ros2_lyrical/install/rosidl_typesupport_interface:/home/cjson/ros2_lyrical/install/rosidl_generator_dds_idl:/home/cjson/ros2_lyrical/install/rosidl_cmake:/home/cjson/ros2_lyrical/install/rosidl_generator_type_description:/home/cjson/ros2_lyrical/install/rosidl_parser:/home/cjson/ros2_lyrical/install/rosidl_generator_tests:/home/cjson/ros2_lyrical/install/rosidl_adapter:/home/cjson/ros2_lyrical/install/rosidl_buffer_py:/home/cjson/ros2_lyrical/install/rosidl_buffer:/home/cjson/ros2_lyrical/install/rosbag2_tests:/home/cjson/ros2_lyrical/install/rosbag2_test_msgdefs:/home/cjson/ros2_lyrical/install/ros_environment:/home/cjson/ros2_lyrical/install/rmw_implementation_cmake:/home/cjson/ros2_lyrical/install/resource_retriever:/home/cjson/ros2_lyrical/install/pluginlib:/home/cjson/ros2_lyrical/install/class_loader:/home/cjson/ros2_lyrical/install/rcpputils:/home/cjson/ros2_lyrical/install/rcl_logging_noop:/home/cjson/ros2_lyrical/install/rcl_logging_interface:/home/cjson/ros2_lyrical/install/rcutils:/home/cjson/ros2_lyrical/install/qt_gui_py_common:/home/cjson/ros2_lyrical/install/python_qt_binding:/home/cjson/ros2_lyrical/install/performance_test_fixture:/home/cjson/ros2_lyrical/install/osrf_testing_tools_cpp:/home/cjson/ros2_lyrical/install/mimick_vendor:/home/cjson/ros2_lyrical/install/lz4_cmake_module:/home/cjson/ros2_lyrical/install/libyaml_vendor:/home/cjson/ros2_lyrical/install/launch_testing_ament_cmake:/home/cjson/ros2_lyrical/install/keyboard_handler:/home/cjson/ros2_lyrical/install/iceoryx_introspection:/home/cjson/ros2_lyrical/install/cyclonedds:/home/cjson/ros2_lyrical/install/iceoryx_posh:/home/cjson/ros2_lyrical/install/iceoryx_hoofs:/home/cjson/ros2_lyrical/install/iceoryx_binding_c:/home/cjson/ros2_lyrical/install/gz_cmake_vendor/opt/gz_cmake_vendor:/home/cjson/ros2_lyrical/install/gz_cmake_vendor:/home/cjson/ros2_lyrical/install/gmock_vendor:/home/cjson/ros2_lyrical/install/gtest_vendor:/home/cjson/ros2_lyrical/install/ament_cmake_google_benchmark:/home/cjson/ros2_lyrical/install/google_benchmark_vendor:/home/cjson/ros2_lyrical/install/fastdds:/home/cjson/ros2_lyrical/install/foonathan_memory_vendor:/home/cjson/ros2_lyrical/install/fastcdr:/home/cjson/ros2_lyrical/install/eigen3_cmake_module:/home/cjson/ros2_lyrical/install/console_bridge_vendor:/home/cjson/ros2_lyrical/install/ament_cmake_xmllint:/home/cjson/ros2_lyrical/install/ament_cmake_pyflakes:/home/cjson/ros2_lyrical/install/ament_cmake_pycodestyle:/home/cjson/ros2_lyrical/install/ament_cmake_pep257:/home/cjson/ros2_lyrical/install/ament_cmake_pclint:/home/cjson/ros2_lyrical/install/ament_lint_auto:/home/cjson/ros2_lyrical/install/ament_cmake_auto:/home/cjson/ros2_lyrical/install/ament_cmake:/home/cjson/ros2_lyrical/install/ament_cmake_version:/home/cjson/ros2_lyrical/install/ament_cmake_vendor_package:/home/cjson/ros2_lyrical/install/ament_cmake_pytest:/home/cjson/ros2_lyrical/install/ament_cmake_mypy:/home/cjson/ros2_lyrical/install/ament_cmake_lint_cmake:/home/cjson/ros2_lyrical/install/ament_cmake_gmock:/home/cjson/ros2_lyrical/install/ament_cmake_gtest:/home/cjson/ros2_lyrical/install/ament_cmake_flake8:/home/cjson/ros2_lyrical/install/ament_cmake_cpplint:/home/cjson/ros2_lyrical/install/ament_cmake_cppcheck:/home/cjson/ros2_lyrical/install/ament_cmake_copyright:/home/cjson/ros2_lyrical/install/ament_cmake_clang_tidy:/home/cjson/ros2_lyrical/install/ament_cmake_clang_format:/home/cjson/ros2_lyrical/install/ament_cmake_test:/home/cjson/ros2_lyrical/install/ament_cmake_target_dependencies:/home/cjson/ros2_lyrical/install/ament_cmake_ros_core:/home/cjson/ros2_lyrical/install/ament_cmake_python_test:/home/cjson/ros2_lyrical/install/ament_cmake_python:/home/cjson/ros2_lyrical/install/ament_cmake_export_dependencies:/home/cjson/ros2_lyrical/install/ament_cmake_libraries:/home/cjson/ros2_lyrical/install/ament_cmake_include_directories:/home/cjson/ros2_lyrical/install/ament_cmake_gen_version_h:/home/cjson/ros2_lyrical/install/ament_cmake_export_targets:/home/cjson/ros2_lyrical/install/ament_cmake_export_link_flags:/home/cjson/ros2_lyrical/install/ament_cmake_export_libraries:/home/cjson/ros2_lyrical/install/ament_cmake_export_include_directories:/home/cjson/ros2_lyrical/install/ament_cmake_export_definitions:/home/cjson/ros2_lyrical/install/ament_cmake_core:/home/cjson/ros2_lyrical/install/ament_index_cpp:/opt/ros/lyrical:/home/cjson/ros2_lyrical/install/rqt_bag_plugins:/home/cjson/ros2_lyrical/install/launch_testing_examples:/home/cjson/ros2_lyrical/install/ros2bag:/home/cjson/ros2_lyrical/install/tracetools_test:/home/cjson/ros2_lyrical/install/tracetools_launch:/home/cjson/ros2_lyrical/install/topic_monitor:/home/cjson/ros2_lyrical/install/tf2_tools:/home/cjson/ros2_lyrical/install/examples_tf2_py:/home/cjson/ros2_lyrical/install/tf2_ros_py:/home/cjson/ros2_lyrical/install/sros2:/home/cjson/ros2_lyrical/install/rqt_topic:/home/cjson/ros2_lyrical/install/rqt_srv:/home/cjson/ros2_lyrical/install/rqt_shell:/home/cjson/ros2_lyrical/install/rqt_service_caller:/home/cjson/ros2_lyrical/install/rqt_reconfigure:/home/cjson/ros2_lyrical/install/rqt_py_console:/home/cjson/ros2_lyrical/install/rqt_publisher:/home/cjson/ros2_lyrical/install/rqt_plot:/home/cjson/ros2_lyrical/install/rqt_action:/home/cjson/ros2_lyrical/install/rqt_msg:/home/cjson/ros2_lyrical/install/rqt_console:/home/cjson/ros2_lyrical/install/rqt:/home/cjson/ros2_lyrical/install/rqt_graph:/home/cjson/ros2_lyrical/install/rqt_bag:/home/cjson/ros2_lyrical/install/rqt_gui_py:/home/cjson/ros2_lyrical/install/rqt_gui:/home/cjson/ros2_lyrical/install/rosbag2_examples_py:/home/cjson/ros2_lyrical/install/ros2trace:/home/cjson/ros2_lyrical/install/ros2topic:/home/cjson/ros2_lyrical/install/ros2test:/home/cjson/ros2_lyrical/install/ros2component:/home/cjson/ros2_lyrical/install/ros2param:/home/cjson/ros2_lyrical/install/ros2lifecycle:/home/cjson/ros2_lyrical/install/ros2service:/home/cjson/ros2_lyrical/install/ros2run:/home/cjson/ros2_lyrical/install/ros2plugin:/home/cjson/ros2_lyrical/install/ros2launch:/home/cjson/ros2_lyrical/install/ros2pkg:/home/cjson/ros2_lyrical/install/ros2node:/home/cjson/ros2_lyrical/install/ros2multicast:/home/cjson/ros2_lyrical/install/ros2interface:/home/cjson/ros2_lyrical/install/ros2doctor:/home/cjson/ros2_lyrical/install/ros2action:/home/cjson/ros2_lyrical/install/ros2cli:/home/cjson/ros2_lyrical/install/quality_of_service_demo_py:/home/cjson/ros2_lyrical/install/lifecycle_py:/home/cjson/ros2_lyrical/install/launch_testing_ros:/home/cjson/ros2_lyrical/install/launch_ros:/home/cjson/ros2_lyrical/install/examples_rclpy_pointcloud_publisher:/home/cjson/ros2_lyrical/install/examples_rclpy_minimal_subscriber:/home/cjson/ros2_lyrical/install/examples_rclpy_minimal_service:/home/cjson/ros2_lyrical/install/examples_rclpy_minimal_publisher:/home/cjson/ros2_lyrical/install/examples_rclpy_minimal_client:/home/cjson/ros2_lyrical/install/examples_rclpy_minimal_action_server:/home/cjson/ros2_lyrical/install/examples_rclpy_minimal_action_client:/home/cjson/ros2_lyrical/install/examples_rclpy_guard_conditions:/home/cjson/ros2_lyrical/install/examples_rclpy_executors:/home/cjson/ros2_lyrical/install/demo_nodes_py:/home/cjson/ros2_lyrical/install/camera_info_manager_py:/home/cjson/ros2_lyrical/install/action_tutorials_py:/home/cjson/ros2_lyrical/install/sensor_msgs_py:/home/cjson/ros2_lyrical/install/ament_uncrustify:/home/cjson/ros2_lyrical/install/tracetools_trace:/home/cjson/ros2_lyrical/install/tracetools_read:/home/cjson/ros2_lyrical/install/test_tracetools_launch:/home/cjson/ros2_lyrical/install/test_ros2trace:/home/cjson/ros2_lyrical/install/test_launch_ros:/home/cjson/ros2_lyrical/install/rpyutils:/home/cjson/ros2_lyrical/install/rosidl_runtime_py:/home/cjson/ros2_lyrical/install/rosidl_pycommon:/home/cjson/ros2_lyrical/install/rosidl_cli:/home/cjson/ros2_lyrical/install/qt_dotgraph:/home/cjson/ros2_lyrical/install/launch_pytest:/home/cjson/ros2_lyrical/install/launch_testing:/home/cjson/ros2_lyrical/install/launch_yaml:/home/cjson/ros2_lyrical/install/launch_xml:/home/cjson/ros2_lyrical/install/launch:/home/cjson/ros2_lyrical/install/domain_coordinator:/home/cjson/ros2_lyrical/install/ament_xmllint:/home/cjson/ros2_lyrical/install/ament_pyflakes:/home/cjson/ros2_lyrical/install/ament_pycodestyle:/home/cjson/ros2_lyrical/install/ament_pep257:/home/cjson/ros2_lyrical/install/ament_pclint:/home/cjson/ros2_lyrical/install/ament_package:/home/cjson/ros2_lyrical/install/ament_mypy:/home/cjson/ros2_lyrical/install/ament_lint_cmake:/home/cjson/ros2_lyrical/install/ament_flake8:/home/cjson/ros2_lyrical/install/ament_copyright:/home/cjson/ros2_lyrical/install/ament_lint:/home/cjson/ros2_lyrical/install/ament_index_python:/home/cjson/ros2_lyrical/install/ament_cpplint:/home/cjson/ros2_lyrical/install/ament_cppcheck:/home/cjson/ros2_lyrical/install/ament_clang_tidy:/home/cjson/ros2_lyrical/install/ament_clang_format LD_LIBRARY_PATH=/home/cjson/project/ROS_BEGINNING/install/turtlesim_msgs/lib:${LD_LIBRARY_PATH} PYTHONPATH=/home/cjson/project/ROS_BEGINNING/install/turtlesim_msgs/lib/python3.14/site-packages:${PYTHONPATH} /usr/bin/cmake --install /home/cjson/project/ROS_BEGINNING/build/turtlesim
[-1785552972268873984.000s] Level 1:colcon.colcon_core.environment:checking '/home/cjson/project/ROS_BEGINNING/install/turtlesim' for CMake config files
[-1785552972268873984.000s] Level 1:colcon.colcon_core.shell:create_environment_hook('turtlesim', 'cmake_prefix_path')
[-1785552972268873984.000s] INFO:colcon.colcon_core.shell:Creating environment hook '/home/cjson/project/ROS_BEGINNING/install/turtlesim/share/turtlesim/hook/cmake_prefix_path.ps1'
[-1785552972268873984.000s] INFO:colcon.colcon_core.shell:Creating environment descriptor '/home/cjson/project/ROS_BEGINNING/install/turtlesim/share/turtlesim/hook/cmake_prefix_path.dsv'
[-1785552972268873984.000s] INFO:colcon.colcon_core.shell:Creating environment hook '/home/cjson/project/ROS_BEGINNING/install/turtlesim/share/turtlesim/hook/cmake_prefix_path.sh'
[-1785552972268873984.000s] Level 1:colcon.colcon_core.environment:checking '/home/cjson/project/ROS_BEGINNING/install/turtlesim/lib'
[-1785552972268873984.000s] Level 1:colcon.colcon_core.environment:checking '/home/cjson/project/ROS_BEGINNING/install/turtlesim/bin'
[-1785552972268873984.000s] Level 1:colcon.colcon_core.environment:checking '/home/cjson/project/ROS_BEGINNING/install/turtlesim/lib/pkgconfig/turtlesim.pc'
[-1785552972268873984.000s] Level 1:colcon.colcon_core.environment:checking '/home/cjson/project/ROS_BEGINNING/install/turtlesim/lib/python3.14/site-packages'
[-1785552972268873984.000s] Level 1:colcon.colcon_core.environment:checking '/home/cjson/project/ROS_BEGINNING/install/turtlesim/bin'
[-1785552972268873984.000s] INFO:colcon.colcon_core.shell:Creating package script '/home/cjson/project/ROS_BEGINNING/install/turtlesim/share/turtlesim/package.ps1'
[-1785552972268873984.000s] INFO:colcon.colcon_core.shell:Creating package descriptor '/home/cjson/project/ROS_BEGINNING/install/turtlesim/share/turtlesim/package.dsv'
[-1785552972268873984.000s] INFO:colcon.colcon_core.shell:Creating package script '/home/cjson/project/ROS_BEGINNING/install/turtlesim/share/turtlesim/package.sh'
[-1785552972268873984.000s] INFO:colcon.colcon_core.shell:Creating package script '/home/cjson/project/ROS_BEGINNING/install/turtlesim/share/turtlesim/package.bash'
[-1785552972268873984.000s] INFO:colcon.colcon_core.shell:Creating package script '/home/cjson/project/ROS_BEGINNING/install/turtlesim/share/turtlesim/package.zsh'
[-1785552972268873984.000s] Level 1:colcon.colcon_core.environment:create_file_with_runtime_dependencies(/home/cjson/project/ROS_BEGINNING/install/turtlesim/share/colcon-core/packages/turtlesim)
[-1785552972268873984.000s] Level 1:colcon.colcon_core.environment:create_environment_scripts_only(turtlesim)
[-1785552972268873984.000s] Level 1:colcon.colcon_core.environment:checking '/home/cjson/project/ROS_BEGINNING/install/turtlesim' for CMake module files
[-1785552972268873984.000s] Level 1:colcon.colcon_core.environment:checking '/home/cjson/project/ROS_BEGINNING/install/turtlesim' for CMake config files
[-1785552972268873984.000s] Level 1:colcon.colcon_core.shell:create_environment_hook('turtlesim', 'cmake_prefix_path')
[-1785552972268873984.000s] INFO:colcon.colcon_core.shell:Creating environment hook '/home/cjson/project/ROS_BEGINNING/install/turtlesim/share/turtlesim/hook/cmake_prefix_path.ps1'
[-1785552972268873984.000s] INFO:colcon.colcon_core.shell:Creating environment descriptor '/home/cjson/project/ROS_BEGINNING/install/turtlesim/share/turtlesim/hook/cmake_prefix_path.dsv'
[-1785552972268873984.000s] INFO:colcon.colcon_core.shell:Creating environment hook '/home/cjson/project/ROS_BEGINNING/install/turtlesim/share/turtlesim/hook/cmake_prefix_path.sh'
[-1785552972268873984.000s] Level 1:colcon.colcon_core.environment:checking '/home/cjson/project/ROS_BEGINNING/install/turtlesim/lib'
[-1785552972268873984.000s] Level 1:colcon.colcon_core.environment:checking '/home/cjson/project/ROS_BEGINNING/install/turtlesim/bin'
[-1785552972268873984.000s] Level 1:colcon.colcon_core.environment:checking '/home/cjson/project/ROS_BEGINNING/install/turtlesim/lib/pkgconfig/turtlesim.pc'
[-1785552972268873984.000s] Level 1:colcon.colcon_core.environment:checking '/home/cjson/project/ROS_BEGINNING/install/turtlesim/lib/python3.14/site-packages'
[-1785552972268873984.000s] Level 1:colcon.colcon_core.environment:checking '/home/cjson/project/ROS_BEGINNING/install/turtlesim/bin'
[-1785552972268873984.000s] INFO:colcon.colcon_core.shell:Creating package script '/home/cjson/project/ROS_BEGINNING/install/turtlesim/share/turtlesim/package.ps1'
[-1785552972268873984.000s] INFO:colcon.colcon_core.shell:Creating package descriptor '/home/cjson/project/ROS_BEGINNING/install/turtlesim/share/turtlesim/package.dsv'
[-1785552972268873984.000s] INFO:colcon.colcon_core.shell:Creating package script '/home/cjson/project/ROS_BEGINNING/install/turtlesim/share/turtlesim/package.sh'
[-1785552972268873984.000s] INFO:colcon.colcon_core.shell:Creating package script '/home/cjson/project/ROS_BEGINNING/install/turtlesim/share/turtlesim/package.bash'
[-1785552972268873984.000s] INFO:colcon.colcon_core.shell:Creating package script '/home/cjson/project/ROS_BEGINNING/install/turtlesim/share/turtlesim/package.zsh'
[-1785552972268873984.000s] Level 1:colcon.colcon_core.environment:create_file_with_runtime_dependencies(/home/cjson/project/ROS_BEGINNING/install/turtlesim/share/colcon-core/packages/turtlesim)
[-1785552972268873984.000s] DEBUG:colcon.colcon_parallel_executor.executor.parallel:closing loop
[-1785552972268873984.000s] DEBUG:colcon.colcon_parallel_executor.executor.parallel:loop closed
[-1785552972268873984.000s] DEBUG:colcon.colcon_parallel_executor.executor.parallel:run_until_complete finished with '0'
[-1785552972268873984.000s] DEBUG:colcon.colcon_core.event_reactor:joining thread
[-1785552972268873984.000s] INFO:colcon.colcon_core.plugin_system:Skipping extension 'colcon_notification.desktop_notification.notify_send': Could not find 'notify-send'
[-1785552972268873984.000s] INFO:colcon.colcon_core.plugin_system:Skipping extension 'colcon_notification.desktop_notification.terminal_notifier': Not used on non-Darwin systems
[-1785552972268873984.000s] INFO:colcon.colcon_core.plugin_system:Skipping extension 'colcon_notification.desktop_notification.win32': Not used on non-Windows systems
[-1785552972268873984.000s] INFO:colcon.colcon_notification.desktop_notification:Sending desktop notification using 'notify2'
[-1785552972268873984.000s] DEBUG:colcon.colcon_notification.desktop_notification.notify2:Failed to initialize notify2: org.freedesktop.DBus.Error.ServiceUnknown: The name org.freedesktop.Notifications was not provided by any .service files
[-1785552972268873984.000s] DEBUG:colcon.colcon_core.event_reactor:joined thread
[-1785552972268873984.000s] INFO:colcon.colcon_core.shell:Creating prefix script '/home/cjson/project/ROS_BEGINNING/install/local_setup.ps1'
[-1785552972268873984.000s] INFO:colcon.colcon_core.shell:Creating prefix util module '/home/cjson/project/ROS_BEGINNING/install/_local_setup_util_ps1.py'
[-1785552972268873984.000s] INFO:colcon.colcon_core.shell:Creating prefix chain script '/home/cjson/project/ROS_BEGINNING/install/setup.ps1'
[-1785552972268873984.000s] INFO:colcon.colcon_core.shell:Creating prefix script '/home/cjson/project/ROS_BEGINNING/install/local_setup.sh'
[-1785552972268873984.000s] INFO:colcon.colcon_core.shell:Creating prefix util module '/home/cjson/project/ROS_BEGINNING/install/_local_setup_util_sh.py'
[-1785552972268873984.000s] INFO:colcon.colcon_core.shell:Creating prefix chain script '/home/cjson/project/ROS_BEGINNING/install/setup.sh'
[-1785552972268873984.000s] INFO:colcon.colcon_core.shell:Creating prefix script '/home/cjson/project/ROS_BEGINNING/install/local_setup.bash'
[-1785552972268873984.000s] INFO:colcon.colcon_core.shell:Creating prefix chain script '/home/cjson/project/ROS_BEGINNING/install/setup.bash'
[-1785552972268873984.000s] INFO:colcon.colcon_core.shell:Creating prefix script '/home/cjson/project/ROS_BEGINNING/install/local_setup.zsh'
[-1785552972268873984.000s] INFO:colcon.colcon_core.shell:Creating prefix chain script '/home/cjson/project/ROS_BEGINNING/install/setup.zsh'
